X0,IMDB,Runtime,RottenTomato
1,5.9,7,0.77
1,5,11,0.14
1,8.2,13,1
1,5.3,15,1
1,7,15,0.97
1,6.5,17,0.92
1,5.9,21,0.88
1,6.6,21,0.73
1,5.1,22,0.91
1,5.5,22,0.57
1,6.4,22,0.36
1,6.6,22,0.17
1,7.7,22,0.8
1,7.8,23,0.82
1,5,24,0.5
1,5.6,24,0.11
1,5.6,24,0.49
1,5.4,25,0.73
1,7.4,26,0.83
1,8,26,1
1,7.2,28,0.66
1,3.5,29,0.19
1,4,30,0.14
1,4.5,30,0.5
1,5,30,0.48
1,5.6,30,0.5
1,5.8,30,0.71
1,5.8,30,0.8
1,6.1,30,0.84
1,6.2,30,0.78
1,6.3,30,0.43
1,6.4,30,0.2
1,6.4,30,0.57
1,6.5,30,0.6
1,6.5,30,0.7
1,6.5,30,1
1,6.5,30,1
1,7,30,1
1,7.1,30,0.78
1,7.1,30,0.89
1,7.1,30,1
1,7.3,30,0.88
1,7.4,30,0.83
1,7.4,30,0.97
1,7.6,30,1
1,6.1,32,0.8
1,6.9,32,0.87
1,6.8,39,1
1,7.3,39,1
1,7.4,39,0.8
1,6.1,40,0.58
1,6.7,40,0.9
1,6.8,40,1
1,6.9,40,1
1,7.2,40,0.7
1,7.7,40,0.86
1,7.5,41,1
1,5.1,42,0.53
1,6.1,42,1
1,6.2,42,0.17
1,6.2,42,0.8
1,6.2,42,0.83
1,6.4,42,1
1,6.5,42,0.8
1,7.2,42,0.88
1,7.2,42,0.94
1,7.5,42,0.83
1,5.1,43,0.5
1,7,43,1
1,6.2,44,0.46
1,6.6,44,1
1,6.7,44,0.56
1,7.3,44,0.73
1,5.4,45,0.9
1,6.2,45,0.71
1,7,45,0.91
1,7.1,45,0.68
1,5.8,47,0.74
1,8.3,48,1
1,5.9,49,0.4
1,5.6,50,0.45
1,7.4,50,0.91
1,6.7,51,0.58
1,5.5,52,1
1,5.9,52,0.58
1,6.8,52,0.9
1,7.4,52,0.63
1,7.7,52,0.96
1,5.7,53,0.48
1,6.6,53,0.8
1,6.7,54,1
1,5.7,55,0.67
1,6.7,55,0.76
1,7.1,55,0.92
1,5.5,56,0.71
1,7.2,56,0.2
1,6.6,57,0.92
1,7,57,1
1,4,58,0.4
1,6.9,58,1
1,7.1,59,1
1,3.4,60,0.8
1,4.4,60,0.19
1,4.6,60,0.45
1,5.3,60,0.5
1,5.3,60,0.64
1,5.5,60,0.88
1,5.9,60,0.4
1,6,60,0.21
1,6.2,60,0.2
1,6.3,60,0.15
1,6.3,60,0.33
1,6.3,60,0.75
1,6.4,60,0.75
1,6.4,60,1
1,6.6,60,0.76
1,6.6,60,1
1,6.9,60,0.73
1,6.9,60,0.75
1,6.9,60,0.9
1,7.1,60,0.8
1,7.1,60,0.94
1,7.1,60,1
1,7.2,60,1
1,7.3,60,1
1,7.4,60,0.75
1,7.4,60,0.86
1,7.5,60,0.79
1,7.6,60,0.81
1,7.6,60,0.89
1,7.6,60,1
1,7.8,60,0.95
1,7.9,60,0.94
1,7.9,60,0.97
1,5.2,61,0.2
1,5.3,61,0.4
1,6.8,61,1
1,7.3,61,0.82
1,7.5,61,1
1,3.7,62,0.7
1,4.9,62,0.67
1,5.5,62,0.8
1,6,62,1
1,6.8,62,0.67
1,4.7,63,0.45
1,7.1,63,1
1,3.9,64,0.33
1,6.3,64,0.75
1,6.5,64,1
1,7,64,0.8
1,7.4,64,1
1,4.2,65,0.35
1,5.2,65,0.43
1,5.7,65,0.6
1,7.8,65,0.88
1,7.9,65,1
1,8.5,65,0.35
1,3.8,66,0.39
1,5.1,66,1
1,5.8,66,1
1,6.7,66,0.77
1,7.2,66,0.4
1,7.2,66,1
1,7.8,66,0.99
1,5.8,67,0.8
1,6.4,67,0.87
1,7.4,67,0.82
1,7.5,67,0.6
1,8.1,67,0.93
1,8.2,67,0.86
1,4.6,68,0.44
1,4.7,68,0.3
1,5.5,68,0.58
1,6.3,68,0.4
1,6.4,68,0.36
1,6.4,68,0.8
1,6.5,68,0.92
1,6.7,68,1
1,7,68,0.93
1,7.5,68,1
1,4,69,0.5
1,4.2,69,0.45
1,5.3,69,0.2
1,5.9,69,0.33
1,5.9,69,0.45
1,6,69,0.92
1,6.3,69,0.86
1,6.9,69,0.83
1,8.2,69,0.83
1,8.2,69,1
1,4.2,70,0.4
1,4.4,70,0.4
1,5.8,70,0.3
1,7,70,0.95
1,7,70,1
1,7.2,70,0.8
1,7.2,70,0.88
1,7.3,70,0.9
1,7.5,70,1
1,7.9,70,1
1,7.9,70,1
1,8.2,70,1
1,3.5,71,0.29
1,4.5,71,0.75
1,5.2,71,0.75
1,6.3,71,0.75
1,6.6,71,0.55
1,6.6,71,0.8
1,6.7,71,1
1,6.8,71,0.8
1,6.9,71,0.96
1,7.1,71,0.91
1,7.5,71,0.96
1,7.5,71,1
1,4,72,0.17
1,4.9,72,0.29
1,5.4,72,0.19
1,5.6,72,0.33
1,5.8,72,0.45
1,6.1,72,0.13
1,6.4,72,0.71
1,6.5,72,0.7
1,6.6,72,0.78
1,6.6,72,0.91
1,6.7,72,0.97
1,7.7,72,1
1,5,73,0.11
1,5.1,73,0.54
1,5.2,73,0.55
1,5.5,73,0.5
1,5.5,73,0.6
1,5.6,73,0.5
1,5.7,73,0.4
1,5.7,73,0.83
1,6.2,73,0.4
1,6.4,73,0.58
1,6.5,73,0.63
1,6.6,73,0.6
1,6.6,73,0.67
1,6.7,73,0.82
1,6.7,73,0.92
1,7,73,0.83
1,7.3,73,0.67
1,7.3,73,0.91
1,7.6,73,0.92
1,2.4,74,0.73
1,3.6,74,0.22
1,3.7,74,0.29
1,4.1,74,1
1,5,74,0.25
1,5.3,74,0.53
1,5.6,74,0.11
1,5.6,74,0.92
1,5.8,74,0.67
1,5.8,74,0.86
1,5.9,74,0.75
1,6.1,74,0.2
1,6.1,74,0.92
1,6.2,74,0.5
1,6.3,74,0.4
1,6.4,74,0.71
1,6.4,74,0.79
1,6.4,74,1
1,6.5,74,0.9
1,6.6,74,0.8
1,6.7,74,0.51
1,6.8,74,0.67
1,6.9,74,0.88
1,7.1,74,0.85
1,7.1,74,1
1,7.1,74,1
1,7.2,74,0.79
1,7.2,74,0.87
1,7.6,74,1
1,7.6,74,1
1,4.5,75,0.04
1,4.7,75,0.1
1,4.7,75,0.34
1,4.8,75,0.71
1,5,75,0.58
1,5.1,75,0.77
1,5.3,75,0.6
1,5.3,75,0.8
1,5.4,75,0.17
1,5.6,75,0.33
1,5.6,75,0.5
1,5.7,75,0.63
1,5.8,75,0.71
1,5.9,75,0.79
1,6,75,0.85
1,6.1,75,0.5
1,6.1,75,0.7
1,6.1,75,0.75
1,6.1,75,0.93
1,6.2,75,0.87
1,6.3,75,0.71
1,6.4,75,0.8
1,6.6,75,1
1,6.7,75,0.79
1,6.8,75,0.61
1,6.8,75,1
1,6.9,75,0.67
1,7,75,0.88
1,7.1,75,0.6
1,7.2,75,0.81
1,7.2,75,1
1,7.3,75,0.9
1,7.3,75,1
1,7.4,75,0.6
1,7.5,75,0.33
1,7.5,75,0.81
1,7.5,75,0.85
1,7.6,75,1
1,7.7,75,0.9
1,1.6,76,0.24
1,5.2,76,0.78
1,5.3,76,0.53
1,5.5,76,0.32
1,5.6,76,0.77
1,5.8,76,0.83
1,6.3,76,0.9
1,6.3,76,0.97
1,6.6,76,0.94
1,6.6,76,0.97
1,6.7,76,1
1,6.8,76,1
1,6.9,76,0.78
1,7,76,0.92
1,7,76,0.92
1,7,76,0.96
1,7.1,76,0.33
1,7.2,76,0.88
1,7.2,76,0.93
1,7.2,76,1
1,7.3,76,0.75
1,7.3,76,0.86
1,7.3,76,1
1,7.3,76,1
1,7.6,76,1
1,8,76,0.95
1,8,76,1
1,8.1,76,1
1,3.8,77,0.38
1,4.1,77,0.25
1,4.8,77,0.69
1,4.9,77,0.61
1,5,77,0.26
1,5.2,77,0.43
1,5.2,77,0.6
1,5.4,77,0.81
1,5.5,77,0.88
1,5.6,77,0.56
1,5.7,77,0.4
1,5.7,77,0.81
1,5.8,77,0.91
1,5.9,77,0.75
1,6.2,77,0.81
1,6.3,77,0.33
1,6.3,77,0.62
1,6.3,77,0.64
1,6.3,77,0.89
1,6.3,77,1
1,6.4,77,0.63
1,6.5,77,0.78
1,6.6,77,0.92
1,6.8,77,1
1,6.9,77,0.69
1,6.9,77,1
1,6.9,77,1
1,7.1,77,0.85
1,7.2,77,0.87
1,7.3,77,0.83
1,7.3,77,0.84
1,7.4,77,0.57
1,7.5,77,1
1,7.8,77,0.86
1,8,77,1
1,2.8,78,0.5
1,4.2,78,0.45
1,4.7,78,0.88
1,5.1,78,0.38
1,5.1,78,0.57
1,5.3,78,0.33
1,5.4,78,0.5
1,5.7,78,0.5
1,5.7,78,0.83
1,6.1,78,0.76
1,6.3,78,0.58
1,6.4,78,1
1,6.5,78,0.74
1,6.5,78,0.88
1,6.5,78,0.91
1,6.6,78,0.77
1,6.6,78,0.81
1,6.7,78,0.54
1,6.7,78,0.8
1,6.8,78,0.59
1,6.8,78,0.86
1,6.8,78,1
1,6.8,78,1
1,6.9,78,0.18
1,6.9,78,0.8
1,7,78,0.75
1,7,78,0.8
1,7,78,0.88
1,7,78,0.92
1,7.1,78,0.57
1,7.1,78,0.66
1,7.1,78,0.86
1,7.2,78,0.76
1,7.3,78,0.75
1,7.3,78,0.85
1,7.3,78,1
1,7.4,78,0.71
1,7.4,78,1
1,7.5,78,1
1,7.8,78,1
1,8.2,78,0.74
1,8.2,78,0.92
1,4,79,0.67
1,5.5,79,0.65
1,5.6,79,0.29
1,5.6,79,0.69
1,5.7,79,0.5
1,5.7,79,1
1,5.8,79,1
1,5.9,79,0.59
1,6.1,79,0.83
1,6.2,79,0.44
1,6.2,79,0.58
1,6.2,79,0.6
1,6.4,79,0.63
1,6.5,79,0.18
1,6.5,79,0.8
1,6.6,79,0.67
1,6.7,79,0.91
1,6.8,79,0.94
1,7,79,0.6
1,7,79,0.93
1,7.1,79,0.57
1,7.1,79,0.64
1,7.1,79,0.94
1,7.2,79,0.67
1,7.2,79,0.8
1,7.2,79,0.86
1,7.2,79,0.98
1,7.2,79,1
1,2.9,80,0.17
1,4.2,80,0.27
1,4.2,80,1
1,4.5,80,0.04
1,4.5,80,0.33
1,4.5,80,0.7
1,4.6,80,0.2
1,4.6,80,0.29
1,4.8,80,0.71
1,4.9,80,0.38
1,4.9,80,1
1,5.1,80,0.81
1,5.2,80,0.5
1,5.2,80,0.89
1,5.2,80,1
1,5.3,80,0.73
1,5.3,80,0.78
1,5.4,80,0.33
1,5.5,80,0.17
1,5.6,80,0.29
1,5.6,80,0.39
1,5.7,80,0.56
1,5.7,80,0.93
1,5.7,80,1
1,5.8,80,0.17
1,5.8,80,0.27
1,5.8,80,0.33
1,5.8,80,0.52
1,5.8,80,0.67
1,5.8,80,0.8
1,5.8,80,0.81
1,5.9,80,0.63
1,5.9,80,0.92
1,6,80,0.6
1,6,80,0.73
1,6,80,0.75
1,6.1,80,0.56
1,6.1,80,0.6
1,6.1,80,0.82
1,6.1,80,0.85
1,6.2,80,0.78
1,6.2,80,0.8
1,6.2,80,0.85
1,6.3,80,0.75
1,6.3,80,0.8
1,6.3,80,0.88
1,6.4,80,0.55
1,6.4,80,0.92
1,6.4,80,1
1,6.5,80,0.93
1,6.6,80,0.44
1,6.6,80,1
1,6.8,80,0.59
1,6.8,80,0.63
1,6.8,80,0.88
1,6.8,80,0.96
1,6.9,80,0.9
1,6.9,80,1
1,6.9,80,1
1,7.1,80,0.85
1,7.1,80,0.86
1,7.1,80,0.89
1,7.1,80,1
1,7.2,80,0.33
1,7.2,80,0.94
1,7.3,80,0.73
1,7.3,80,0.88
1,7.3,80,0.88
1,7.3,80,0.88
1,7.3,80,0.9
1,7.3,80,1
1,7.4,80,1
1,7.6,80,0.93
1,7.6,80,0.95
1,7.6,80,1
1,7.9,80,0.97
1,8,80,1
1,8.4,80,1
1,2.7,81,0.23
1,4.4,81,0.6
1,4.5,81,0.53
1,4.8,81,0.09
1,4.8,81,0.4
1,4.9,81,0.64
1,5,81,0.5
1,5,81,0.54
1,5.2,81,0.33
1,5.2,81,0.67
1,5.3,81,0.55
1,5.3,81,0.83
1,5.4,81,0.88
1,5.5,81,0.17
1,5.6,81,0.72
1,5.7,81,0.37
1,5.7,81,0.57
1,5.8,81,0.13
1,5.8,81,0.94
1,6,81,0.76
1,6,81,0.83
1,6.1,81,0.2
1,6.1,81,0.6
1,6.3,81,1
1,6.4,81,0.33
1,6.4,81,0.86
1,6.5,81,0.62
1,6.5,81,1
1,6.6,81,0.38
1,6.6,81,0.64
1,6.7,81,0.33
1,6.7,81,1
1,6.8,81,0.67
1,6.9,81,0.92
1,7,81,0.72
1,7,81,0.94
1,7.2,81,0.7
1,7.3,81,0.92
1,7.3,81,0.93
1,7.5,81,0.77
1,7.6,81,0.96
1,7.6,81,1
1,7.9,81,0.99
1,8.3,81,1
1,2.8,82,0.33
1,3.7,82,0.43
1,3.9,82,0.09
1,4.2,82,0.15
1,4.2,82,0.5
1,4.3,82,0.13
1,4.3,82,0.45
1,4.4,82,0.38
1,4.4,82,0.57
1,4.5,82,0.38
1,4.5,82,0.43
1,4.6,82,0.17
1,4.6,82,0.28
1,4.8,82,0.72
1,4.8,82,0.78
1,4.9,82,0.33
1,5.1,82,0.8
1,5.2,82,0.29
1,5.2,82,0.38
1,5.3,82,0.19
1,5.3,82,0.36
1,5.3,82,0.4
1,5.3,82,0.63
1,5.3,82,0.87
1,5.4,82,0.88
1,5.4,82,1
1,5.6,82,0.69
1,5.6,82,0.84
1,5.6,82,0.88
1,5.7,82,0.62
1,5.7,82,0.94
1,5.8,82,0.47
1,6,82,0.74
1,6.1,82,0.77
1,6.1,82,0.8
1,6.3,82,0.11
1,6.3,82,0.67
1,6.3,82,0.7
1,6.3,82,0.93
1,6.3,82,1
1,6.4,82,0.88
1,6.5,82,0.64
1,6.5,82,0.67
1,6.5,82,0.9
1,6.5,82,0.95
1,6.5,82,0.96
1,6.6,82,0.6
1,6.6,82,0.91
1,6.6,82,1
1,6.6,82,1
1,6.7,82,0.7
1,6.7,82,0.73
1,6.7,82,1
1,6.8,82,0.67
1,6.8,82,0.98
1,6.9,82,0.72
1,6.9,82,0.76
1,6.9,82,0.91
1,7,82,0.5
1,7,82,0.92
1,7,82,1
1,7.1,82,0.4
1,7.1,82,0.82
1,7.1,82,0.94
1,7.2,82,0.77
1,7.2,82,0.88
1,7.2,82,0.95
1,7.3,82,0.6
1,7.3,82,0.83
1,7.4,82,0.81
1,7.5,82,0.83
1,7.8,82,0.94
1,7.8,82,1
1,7.9,82,0.86
1,8.4,82,0.8
1,2.5,83,0.22
1,3.5,83,0.18
1,3.7,83,0.2
1,4.1,83,0.13
1,4.2,83,0.06
1,4.2,83,0.2
1,4.3,83,0.12
1,4.5,83,0.57
1,4.6,83,0.11
1,4.6,83,0.27
1,4.6,83,0.29
1,4.6,83,0.43
1,4.6,83,0.56
1,4.7,83,0.52
1,4.8,83,0.67
1,4.8,83,0.67
1,5.1,83,0.11
1,5.2,83,0.92
1,5.3,83,0.15
1,5.3,83,0.33
1,5.3,83,0.54
1,5.3,83,0.62
1,5.3,83,0.79
1,5.4,83,0.14
1,5.4,83,0.43
1,5.4,83,0.7
1,5.5,83,0.29
1,5.5,83,0.32
1,5.5,83,0.7
1,5.5,83,0.88
1,5.6,83,0.25
1,5.6,83,0.54
1,5.6,83,0.78
1,5.6,83,0.88
1,5.6,83,0.89
1,5.8,83,0.43
1,5.8,83,0.67
1,5.9,83,0.77
1,5.9,83,1
1,6,83,0.5
1,6.1,83,0.67
1,6.1,83,0.77
1,6.2,83,0.5
1,6.2,83,0.86
1,6.2,83,1
1,6.3,83,0.5
1,6.3,83,0.78
1,6.3,83,1
1,6.4,83,0.8
1,6.4,83,0.94
1,6.5,83,0.54
1,6.5,83,0.77
1,6.5,83,0.81
1,6.5,83,0.93
1,6.5,83,0.93
1,6.6,83,0.78
1,6.6,83,1
1,6.7,83,0.88
1,6.8,83,0.72
1,6.8,83,1
1,6.9,83,0.56
1,6.9,83,0.63
1,6.9,83,0.8
1,6.9,83,0.81
1,6.9,83,0.85
1,7.1,83,0.38
1,7.1,83,0.7
1,7.1,83,1
1,7.2,83,0.85
1,7.2,83,0.91
1,7.2,83,0.95
1,7.2,83,1
1,7.2,83,1
1,7.3,83,0.7
1,7.3,83,0.88
1,7.3,83,0.88
1,7.3,83,1
1,7.3,83,1
1,7.4,83,1
1,7.5,83,0.77
1,7.6,83,0.9
1,7.6,83,0.98
1,7.7,83,0.8
1,7.8,83,1
1,8,83,0.88
1,8.1,83,0.98
1,2.6,84,0.43
1,3.5,84,0.2
1,3.8,84,0.4
1,3.9,84,0.08
1,4.1,84,0.22
1,4.2,84,0.07
1,4.5,84,0.4
1,4.6,84,0.8
1,4.7,84,0.22
1,4.7,84,0.43
1,4.7,84,0.75
1,4.9,84,0.67
1,4.9,84,1
1,5.1,84,0.5
1,5.1,84,0.94
1,5.2,84,0.11
1,5.2,84,0.83
1,5.2,84,0.86
1,5.3,84,0.4
1,5.3,84,0.56
1,5.3,84,0.59
1,5.4,84,0.45
1,5.4,84,0.86
1,5.5,84,0.41
1,5.5,84,0.83
1,5.7,84,0.18
1,5.7,84,0.69
1,5.7,84,0.95
1,5.8,84,0.57
1,5.8,84,0.71
1,5.8,84,0.85
1,5.8,84,1
1,5.9,84,0.25
1,5.9,84,0.67
1,5.9,84,0.67
1,6,84,0.06
1,6,84,0.68
1,6.1,84,0.44
1,6.1,84,0.82
1,6.3,84,0.83
1,6.4,84,0.6
1,6.5,84,0.64
1,6.5,84,0.82
1,6.6,84,0.5
1,6.6,84,0.88
1,6.6,84,0.91
1,6.6,84,1
1,6.7,84,0.67
1,6.7,84,0.86
1,6.7,84,0.89
1,6.7,84,0.89
1,6.7,84,0.91
1,6.8,84,0.8
1,6.8,84,0.83
1,6.8,84,0.89
1,6.8,84,0.9
1,6.8,84,0.91
1,6.9,84,0.73
1,6.9,84,0.87
1,6.9,84,0.92
1,6.9,84,0.99
1,7,84,0.74
1,7,84,0.92
1,7,84,0.97
1,7.3,84,0.99
1,7.4,84,0.87
1,7.4,84,0.88
1,7.4,84,1
1,7.5,84,0.88
1,7.6,84,0.92
1,7.6,84,1
1,7.9,84,0.8
1,7.9,84,0.99
1,4,85,0.25
1,4.2,85,0.26
1,4.3,85,0.08
1,4.4,85,0.14
1,4.4,85,0.2
1,4.5,85,1
1,4.6,85,0.29
1,4.6,85,0.67
1,4.7,85,0.2
1,4.8,85,0.14
1,4.8,85,0.27
1,5,85,0.57
1,5,85,0.8
1,5.1,85,0.13
1,5.1,85,0.15
1,5.1,85,0.44
1,5.1,85,0.67
1,5.2,85,0.4
1,5.3,85,0.33
1,5.3,85,0.63
1,5.3,85,0.71
1,5.4,85,0.42
1,5.4,85,0.67
1,5.4,85,0.78
1,5.5,85,0.4
1,5.5,85,0.55
1,5.5,85,0.65
1,5.6,85,0.42
1,5.6,85,0.62
1,5.6,85,0.75
1,5.6,85,0.78
1,5.6,85,0.9
1,5.6,85,0.92
1,5.7,85,0.2
1,5.7,85,0.44
1,5.8,85,0.14
1,5.8,85,0.34
1,5.8,85,0.6
1,5.8,85,0.62
1,5.8,85,0.66
1,5.8,85,0.8
1,5.8,85,0.83
1,5.8,85,0.9
1,5.9,85,0.43
1,5.9,85,0.44
1,5.9,85,0.7
1,6,85,0.17
1,6,85,0.18
1,6,85,0.76
1,6,85,0.92
1,6.1,85,0.43
1,6.1,85,1
1,6.2,85,0.29
1,6.2,85,0.42
1,6.2,85,0.68
1,6.2,85,0.86
1,6.2,85,0.86
1,6.3,85,0.54
1,6.3,85,0.64
1,6.3,85,0.7
1,6.3,85,0.71
1,6.3,85,0.73
1,6.4,85,0.8
1,6.4,85,0.93
1,6.5,85,0.67
1,6.5,85,0.86
1,6.5,85,0.88
1,6.5,85,0.96
1,6.6,85,0.5
1,6.6,85,0.86
1,6.6,85,1
1,6.6,85,1
1,6.6,85,1
1,6.7,85,0.67
1,6.7,85,0.75
1,6.7,85,0.76
1,6.8,85,0.37
1,6.8,85,0.87
1,6.9,85,0.57
1,6.9,85,0.79
1,6.9,85,0.83
1,6.9,85,0.86
1,7,85,0.77
1,7,85,0.89
1,7.1,85,0.65
1,7.1,85,0.77
1,7.1,85,0.91
1,7.1,85,0.92
1,7.2,85,0.8
1,7.2,85,0.8
1,7.2,85,0.86
1,7.2,85,0.88
1,7.2,85,1
1,7.2,85,1
1,7.3,85,0.77
1,7.3,85,0.88
1,7.4,85,0.81
1,7.4,85,0.93
1,7.4,85,1
1,7.4,85,1
1,7.5,85,0.86
1,7.5,85,0.92
1,7.5,85,0.95
1,7.5,85,0.97
1,7.6,85,0.87
1,7.6,85,0.95
1,7.7,85,0.75
1,7.7,85,1
1,7.9,85,0.79
1,8.1,85,0.63
1,8.1,85,0.86
1,8.3,85,0.89
1,3.3,86,0.78
1,3.5,86,0.27
1,3.8,86,0.09
1,3.8,86,0.4
1,3.8,86,0.83
1,4.3,86,0.16
1,4.3,86,0.71
1,4.4,86,0.67
1,4.5,86,0.18
1,4.5,86,0.62
1,4.7,86,0.08
1,4.7,86,0.11
1,4.7,86,0.44
1,4.8,86,0.16
1,4.9,86,0.18
1,5,86,0.09
1,5,86,0.13
1,5,86,0.19
1,5,86,0.43
1,5.1,86,0.4
1,5.1,86,0.6
1,5.1,86,0.8
1,5.2,86,0.23
1,5.2,86,0.27
1,5.2,86,0.6
1,5.3,86,0.26
1,5.3,86,0.44
1,5.3,86,0.5
1,5.3,86,0.55
1,5.3,86,0.56
1,5.3,86,0.67
1,5.3,86,0.7
1,5.4,86,0.25
1,5.4,86,0.25
1,5.4,86,0.38
1,5.5,86,0.2
1,5.5,86,0.23
1,5.5,86,0.47
1,5.5,86,0.75
1,5.5,86,1
1,5.6,86,0.14
1,5.7,86,0.27
1,5.7,86,0.36
1,5.7,86,0.38
1,5.7,86,0.6
1,5.7,86,0.63
1,5.7,86,0.67
1,5.8,86,0.13
1,5.8,86,0.33
1,5.8,86,0.67
1,5.8,86,0.71
1,5.8,86,0.74
1,5.8,86,0.79
1,5.8,86,0.91
1,5.9,86,0.7
1,6.1,86,0.11
1,6.1,86,0.33
1,6.1,86,0.48
1,6.1,86,0.5
1,6.2,86,0.71
1,6.2,86,0.76
1,6.3,86,0.3
1,6.3,86,0.87
1,6.3,86,1
1,6.4,86,0.14
1,6.4,86,0.33
1,6.4,86,0.38
1,6.4,86,0.5
1,6.4,86,0.77
1,6.4,86,1
1,6.5,86,0.6
1,6.5,86,0.89
1,6.5,86,1
1,6.6,86,0.91
1,6.6,86,1
1,6.7,86,0.4
1,6.7,86,0.43
1,6.7,86,0.45
1,6.7,86,0.54
1,6.7,86,0.71
1,6.7,86,0.86
1,6.7,86,0.96
1,6.8,86,0.46
1,6.8,86,0.79
1,6.8,86,0.82
1,6.8,86,0.86
1,6.9,86,0.48
1,6.9,86,0.8
1,6.9,86,0.97
1,7,86,0.5
1,7,86,0.69
1,7,86,0.75
1,7.1,86,0.57
1,7.1,86,0.6
1,7.1,86,0.67
1,7.1,86,0.8
1,7.1,86,1
1,7.2,86,1
1,7.3,86,0.84
1,7.3,86,0.94
1,7.3,86,1
1,7.4,86,0.77
1,7.4,86,0.82
1,7.5,86,0.92
1,7.5,86,0.94
1,7.6,86,0.71
1,7.7,86,0.86
1,8.2,86,0.95
1,8.3,86,1
1,3.3,87,0.17
1,3.8,87,0.14
1,4.6,87,0.4
1,4.6,87,0.62
1,4.6,87,0.63
1,4.6,87,1
1,4.7,87,0.42
1,4.8,87,0.2
1,4.9,87,0.27
1,4.9,87,0.56
1,5,87,0.29
1,5.1,87,0.41
1,5.1,87,0.53
1,5.1,87,0.77
1,5.1,87,0.83
1,5.1,87,0.86
1,5.2,87,0.14
1,5.2,87,0.21
1,5.2,87,0.38
1,5.2,87,0.45
1,5.3,87,0.02
1,5.3,87,0.44
1,5.3,87,0.66
1,5.4,87,0.1
1,5.5,87,0.2
1,5.5,87,0.42
1,5.6,87,0.5
1,5.6,87,0.73
1,5.7,87,0.3
1,5.7,87,0.54
1,5.7,87,0.55
1,5.8,87,0.36
1,5.8,87,0.65
1,5.9,87,0.69
1,5.9,87,0.74
1,6,87,0.53
1,6,87,0.6
1,6,87,0.73
1,6,87,0.8
1,6,87,0.86
1,6.1,87,0.28
1,6.1,87,0.29
1,6.1,87,0.83
1,6.2,87,0.67
1,6.3,87,0.31
1,6.3,87,0.53
1,6.3,87,0.6
1,6.3,87,0.62
1,6.3,87,1
1,6.4,87,0.5
1,6.4,87,0.8
1,6.5,87,0.6
1,6.5,87,0.65
1,6.5,87,0.75
1,6.5,87,1
1,6.6,87,0.67
1,6.6,87,0.73
1,6.6,87,0.79
1,6.7,87,0.79
1,6.7,87,0.84
1,6.7,87,0.86
1,6.7,87,1
1,6.8,87,0.69
1,6.8,87,0.71
1,6.8,87,0.91
1,6.8,87,0.92
1,6.9,87,0.87
1,6.9,87,0.97
1,6.9,87,1
1,7,87,0.73
1,7,87,0.77
1,7,87,0.9
1,7.1,87,0.58
1,7.1,87,0.8
1,7.2,87,0.4
1,7.2,87,0.67
1,7.2,87,0.86
1,7.2,87,0.88
1,7.2,87,1
1,7.3,87,0.8
1,7.3,87,0.85
1,7.3,87,0.88
1,7.3,87,1
1,7.3,87,1
1,7.3,87,1
1,7.4,87,0.64
1,7.4,87,0.67
1,7.4,87,0.92
1,7.5,87,0.85
1,7.5,87,0.94
1,7.5,87,0.98
1,7.5,87,1
1,7.6,87,0.42
1,7.6,87,0.93
1,7.6,87,0.98
1,7.7,87,0.82
1,7.7,87,0.9
1,8,87,1
1,8.1,87,0.88
1,8.3,87,0.73
1,2.5,88,0.18
1,3.2,88,0.14
1,3.7,88,0.14
1,3.9,88,0.09
1,4.1,88,0.29
1,4.1,88,0.33
1,4.3,88,0.16
1,4.5,88,0.04
1,4.6,88,0.36
1,4.6,88,0.43
1,4.7,88,0.17
1,4.7,88,0.44
1,4.9,88,0.4
1,4.9,88,0.58
1,5,88,0.59
1,5,88,0.67
1,5.1,88,0.17
1,5.1,88,0.2
1,5.1,88,0.22
1,5.1,88,0.22
1,5.2,88,0.5
1,5.3,88,0.14
1,5.3,88,0.4
1,5.3,88,0.57
1,5.4,88,0.08
1,5.4,88,0.11
1,5.4,88,0.15
1,5.4,88,0.37
1,5.4,88,0.5
1,5.4,88,0.67
1,5.5,88,0.06
1,5.5,88,0.29
1,5.5,88,0.67
1,5.5,88,0.73
1,5.6,88,0.29
1,5.6,88,0.33
1,5.6,88,0.52
1,5.6,88,0.77
1,5.7,88,0.25
1,5.7,88,0.42
1,5.7,88,0.72
1,5.7,88,0.8
1,5.8,88,0.38
1,5.8,88,0.62
1,5.9,88,0.19
1,5.9,88,0.53
1,5.9,88,0.57
1,5.9,88,0.69
1,6,88,0.29
1,6,88,0.46
1,6,88,0.67
1,6.1,88,0.22
1,6.1,88,0.44
1,6.1,88,0.59
1,6.1,88,0.67
1,6.1,88,0.83
1,6.2,88,0.46
1,6.2,88,0.5
1,6.2,88,0.6
1,6.2,88,0.77
1,6.2,88,0.77
1,6.2,88,0.78
1,6.2,88,0.85
1,6.2,88,0.85
1,6.2,88,1
1,6.3,88,0.5
1,6.3,88,0.57
1,6.3,88,0.73
1,6.3,88,0.8
1,6.3,88,0.8
1,6.3,88,0.91
1,6.3,88,1
1,6.4,88,0.43
1,6.4,88,0.79
1,6.4,88,0.89
1,6.4,88,1
1,6.5,88,0.38
1,6.6,88,0.13
1,6.6,88,0.77
1,6.6,88,0.87
1,6.6,88,1
1,6.7,88,0.2
1,6.7,88,0.32
1,6.7,88,0.39
1,6.7,88,0.42
1,6.7,88,0.86
1,6.7,88,0.86
1,6.7,88,0.96
1,6.8,88,0.6
1,6.9,88,0.41
1,6.9,88,0.72
1,6.9,88,0.89
1,7,88,0.82
1,7,88,0.83
1,7,88,0.85
1,7,88,0.96
1,7.1,88,0.82
1,7.1,88,0.96
1,7.2,88,0.5
1,7.2,88,0.71
1,7.2,88,0.86
1,7.2,88,0.86
1,7.2,88,0.86
1,7.2,88,0.87
1,7.2,88,0.96
1,7.2,88,1
1,7.3,88,0.83
1,7.3,88,0.97
1,7.4,88,0.86
1,7.4,88,0.89
1,7.4,88,0.91
1,7.4,88,0.96
1,7.5,88,0.89
1,7.5,88,0.98
1,7.5,88,1
1,7.6,88,0.9
1,7.6,88,0.9
1,7.7,88,0.97
1,7.7,88,0.98
1,7.7,88,1
1,7.8,88,0.86
1,7.8,88,0.86
1,8,88,0.8
1,8,88,0.87
1,8.6,88,1
1,3.4,89,0.4
1,3.5,89,0.22
1,3.6,89,0.25
1,3.9,89,0.38
1,4.1,89,0.6
1,4.2,89,0.15
1,4.2,89,0.17
1,4.4,89,0.43
1,4.4,89,0.62
1,4.4,89,0.89
1,4.5,89,0.5
1,4.5,89,0.6
1,4.6,89,0.14
1,4.7,89,0.05
1,4.7,89,0.13
1,4.7,89,0.46
1,4.7,89,0.71
1,4.8,89,0.18
1,4.8,89,0.27
1,4.8,89,0.38
1,4.8,89,0.4
1,4.9,89,0.17
1,5,89,0.13
1,5.1,89,0.23
1,5.1,89,0.29
1,5.1,89,0.49
1,5.1,89,0.71
1,5.1,89,0.83
1,5.2,89,0.43
1,5.3,89,0.15
1,5.4,89,0.17
1,5.4,89,0.33
1,5.5,89,0.16
1,5.5,89,0.63
1,5.6,89,0.07
1,5.6,89,0.3
1,5.6,89,0.44
1,5.6,89,0.5
1,5.6,89,0.53
1,5.6,89,0.81
1,5.7,89,0.4
1,5.7,89,0.42
1,5.7,89,0.49
1,5.7,89,0.6
1,5.8,89,0.27
1,5.8,89,0.6
1,5.8,89,0.65
1,5.8,89,0.67
1,5.9,89,0.17
1,5.9,89,0.47
1,5.9,89,0.59
1,5.9,89,0.8
1,6.1,89,0.5
1,6.2,89,0.27
1,6.2,89,0.47
1,6.2,89,0.52
1,6.3,89,0.26
1,6.3,89,0.34
1,6.3,89,0.4
1,6.3,89,0.91
1,6.4,89,0.64
1,6.4,89,0.66
1,6.4,89,0.8
1,6.5,89,0.47
1,6.5,89,0.68
1,6.5,89,0.75
1,6.5,89,0.8
1,6.5,89,0.89
1,6.6,89,0.63
1,6.6,89,0.64
1,6.7,89,0.83
1,6.7,89,0.91
1,6.7,89,0.95
1,6.8,89,0.57
1,6.8,89,0.73
1,6.8,89,0.85
1,6.8,89,0.89
1,6.9,89,0.48
1,6.9,89,0.56
1,6.9,89,0.68
1,6.9,89,0.8
1,6.9,89,0.89
1,6.9,89,0.92
1,6.9,89,1
1,7,89,1
1,7.1,89,0.86
1,7.1,89,0.91
1,7.1,89,1
1,7.2,89,0.88
1,7.2,89,0.89
1,7.3,89,0.8
1,7.3,89,0.82
1,7.4,89,0.71
1,7.5,89,0.75
1,7.5,89,0.85
1,7.6,89,0.73
1,7.6,89,0.89
1,7.6,89,0.93
1,7.6,89,0.94
1,7.6,89,0.96
1,7.7,89,0.8
1,7.8,89,0.67
1,7.8,89,0.88
1,7.8,89,1
1,8,89,0.9
1,8,89,1
1,8.5,89,0.98
1,3.3,90,0.2
1,3.4,90,0.13
1,3.5,90,0.17
1,3.7,90,0.33
1,3.9,90,0.2
1,4,90,0.19
1,4.1,90,0.71
1,4.1,90,0.88
1,4.2,90,0.6
1,4.3,90,0.27
1,4.4,90,0.29
1,4.4,90,0.38
1,4.5,90,0.2
1,4.5,90,0.22
1,4.6,90,0.2
1,4.6,90,0.33
1,4.6,90,0.4
1,4.6,90,0.61
1,4.7,90,0.08
1,4.7,90,0.24
1,4.7,90,0.31
1,4.7,90,0.58
1,4.7,90,0.6
1,4.7,90,0.67
1,4.7,90,0.91
1,4.7,90,1
1,4.8,90,0.33
1,4.8,90,0.33
1,4.8,90,0.33
1,4.8,90,0.33
1,4.8,90,0.47
1,4.9,90,0.2
1,4.9,90,0.41
1,4.9,90,0.57
1,5,90,0.16
1,5,90,0.19
1,5,90,0.29
1,5,90,0.29
1,5,90,0.42
1,5,90,0.53
1,5,90,0.6
1,5,90,0.67
1,5,90,0.89
1,5,90,0.98
1,5.1,90,0.11
1,5.1,90,0.33
1,5.1,90,0.33
1,5.1,90,0.33
1,5.1,90,0.4
1,5.1,90,0.4
1,5.1,90,0.62
1,5.2,90,0.1
1,5.2,90,0.38
1,5.2,90,0.4
1,5.2,90,0.4
1,5.2,90,0.73
1,5.3,90,0.38
1,5.3,90,0.5
1,5.3,90,0.65
1,5.3,90,0.92
1,5.4,90,0.1
1,5.4,90,0.29
1,5.4,90,0.33
1,5.5,90,0.09
1,5.5,90,0.13
1,5.5,90,0.2
1,5.5,90,0.25
1,5.5,90,0.43
1,5.5,90,0.43
1,5.5,90,0.44
1,5.5,90,0.5
1,5.5,90,0.54
1,5.5,90,0.63
1,5.5,90,0.67
1,5.5,90,0.8
1,5.6,90,0.4
1,5.6,90,0.47
1,5.6,90,0.48
1,5.6,90,0.52
1,5.6,90,0.59
1,5.6,90,0.6
1,5.6,90,0.67
1,5.6,90,0.86
1,5.6,90,0.86
1,5.7,90,0.12
1,5.7,90,0.25
1,5.7,90,0.36
1,5.7,90,0.5
1,5.7,90,0.63
1,5.7,90,0.84
1,5.8,90,0.16
1,5.8,90,0.39
1,5.8,90,0.5
1,5.8,90,0.5
1,5.8,90,0.78
1,5.8,90,0.79
1,5.8,90,0.82
1,5.8,90,0.83
1,5.9,90,0.3
1,5.9,90,0.4
1,5.9,90,0.42
1,5.9,90,0.47
1,5.9,90,0.6
1,5.9,90,0.77
1,5.9,90,0.89
1,6,90,0.2
1,6,90,0.38
1,6,90,0.5
1,6,90,0.6
1,6,90,0.9
1,6.1,90,0.42
1,6.1,90,0.8
1,6.1,90,0.83
1,6.1,90,0.83
1,6.1,90,0.89
1,6.2,90,0.28
1,6.2,90,0.37
1,6.2,90,0.38
1,6.2,90,0.4
1,6.2,90,0.48
1,6.2,90,0.5
1,6.2,90,0.57
1,6.2,90,0.75
1,6.2,90,0.78
1,6.2,90,0.81
1,6.2,90,0.84
1,6.2,90,0.84
1,6.2,90,0.96
1,6.2,90,0.96
1,6.2,90,0.97
1,6.2,90,1
1,6.2,90,1
1,6.3,90,0.3
1,6.3,90,0.44
1,6.3,90,0.78
1,6.3,90,0.84
1,6.3,90,0.86
1,6.4,90,0.22
1,6.4,90,0.25
1,6.4,90,0.29
1,6.4,90,0.3
1,6.4,90,0.5
1,6.4,90,0.57
1,6.4,90,0.57
1,6.4,90,0.6
1,6.4,90,0.63
1,6.4,90,0.71
1,6.4,90,0.8
1,6.4,90,0.81
1,6.4,90,0.9
1,6.4,90,0.97
1,6.4,90,1
1,6.4,90,1
1,6.5,90,0.46
1,6.5,90,0.59
1,6.5,90,0.6
1,6.5,90,0.63
1,6.5,90,0.74
1,6.5,90,0.8
1,6.5,90,0.83
1,6.5,90,0.96
1,6.5,90,1
1,6.6,90,0.54
1,6.6,90,0.6
1,6.6,90,0.65
1,6.6,90,0.68
1,6.6,90,0.71
1,6.6,90,0.73
1,6.6,90,0.86
1,6.7,90,0.6
1,6.7,90,0.67
1,6.7,90,0.7
1,6.7,90,0.83
1,6.7,90,1
1,6.7,90,1
1,6.8,90,0.67
1,6.8,90,0.74
1,6.8,90,0.79
1,6.8,90,0.82
1,6.8,90,0.86
1,6.8,90,0.87
1,6.8,90,0.89
1,6.8,90,0.9
1,6.9,90,0.77
1,6.9,90,0.83
1,6.9,90,0.87
1,7,90,0.53
1,7,90,0.65
1,7,90,0.75
1,7.1,90,0.6
1,7.1,90,0.62
1,7.1,90,0.64
1,7.1,90,0.8
1,7.1,90,0.95
1,7.1,90,0.96
1,7.1,90,1
1,7.2,90,0.5
1,7.2,90,0.78
1,7.2,90,0.81
1,7.2,90,0.85
1,7.2,90,0.88
1,7.2,90,0.92
1,7.2,90,0.94
1,7.2,90,1
1,7.3,90,0.64
1,7.3,90,0.79
1,7.3,90,0.83
1,7.3,90,0.84
1,7.3,90,0.85
1,7.3,90,0.88
1,7.3,90,0.93
1,7.3,90,0.95
1,7.3,90,1
1,7.3,90,1
1,7.3,90,1
1,7.4,90,0.3
1,7.4,90,0.6
1,7.4,90,0.96
1,7.4,90,0.97
1,7.5,90,0.68
1,7.5,90,0.91
1,7.5,90,0.92
1,7.5,90,0.94
1,7.5,90,0.95
1,7.5,90,0.97
1,7.5,90,1
1,7.5,90,1
1,7.6,90,0.88
1,7.6,90,0.91
1,7.6,90,0.96
1,7.6,90,1
1,7.7,90,0.88
1,7.7,90,0.89
1,7.7,90,0.92
1,7.7,90,0.92
1,7.8,90,0.92
1,7.8,90,1
1,7.9,90,0.99
1,7.9,90,1
1,8,90,1
1,8.1,90,0.77
1,8.1,90,0.86
1,2.9,91,0.17
1,3.4,91,0.09
1,4.1,91,0.13
1,4.2,91,0.13
1,4.2,91,0.2
1,4.4,91,0.04
1,4.4,91,0.2
1,4.4,91,0.44
1,4.5,91,0.14
1,4.5,91,0.44
1,4.5,91,0.84
1,4.8,91,0.04
1,4.8,91,0.25
1,4.8,91,0.55
1,4.8,91,0.8
1,4.9,91,0.2
1,5,91,0.12
1,5,91,0.6
1,5,91,0.82
1,5.1,91,1
1,5.2,91,0.39
1,5.2,91,0.47
1,5.2,91,0.5
1,5.2,91,0.6
1,5.2,91,0.78
1,5.4,91,0.1
1,5.4,91,0.22
1,5.4,91,0.57
1,5.4,91,0.63
1,5.4,91,0.81
1,5.4,91,0.85
1,5.5,91,0.2
1,5.6,91,0.2
1,5.6,91,0.25
1,5.6,91,0.38
1,5.6,91,0.5
1,5.6,91,0.59
1,5.6,91,0.92
1,5.7,91,0.2
1,5.7,91,0.54
1,5.7,91,0.57
1,5.8,91,0.22
1,5.8,91,0.51
1,5.8,91,0.67
1,5.9,91,0.19
1,5.9,91,0.43
1,5.9,91,0.5
1,5.9,91,0.67
1,5.9,91,0.72
1,6,91,0.14
1,6,91,0.2
1,6,91,0.22
1,6,91,0.58
1,6,91,0.78
1,6,91,0.79
1,6,91,0.9
1,6.1,91,0.4
1,6.1,91,0.43
1,6.1,91,0.5
1,6.1,91,0.5
1,6.1,91,0.67
1,6.1,91,1
1,6.2,91,0.53
1,6.2,91,0.87
1,6.2,91,0.88
1,6.3,91,0.5
1,6.3,91,0.8
1,6.4,91,0.17
1,6.4,91,0.33
1,6.4,91,0.4
1,6.4,91,0.48
1,6.4,91,0.6
1,6.4,91,0.68
1,6.4,91,0.8
1,6.4,91,0.99
1,6.5,91,0.5
1,6.5,91,0.71
1,6.5,91,0.82
1,6.6,91,0.68
1,6.6,91,0.75
1,6.6,91,0.8
1,6.6,91,0.8
1,6.6,91,0.92
1,6.7,91,0.88
1,6.8,91,0.67
1,6.8,91,0.74
1,6.8,91,0.81
1,6.8,91,0.91
1,6.8,91,0.94
1,6.8,91,1
1,6.9,91,0.6
1,6.9,91,0.62
1,6.9,91,0.71
1,6.9,91,0.8
1,7,91,0.65
1,7,91,0.65
1,7,91,0.83
1,7,91,0.84
1,7.1,91,0.8
1,7.1,91,0.82
1,7.1,91,0.89
1,7.1,91,0.97
1,7.1,91,1
1,7.1,91,1
1,7.2,91,0.57
1,7.2,91,0.86
1,7.2,91,0.87
1,7.2,91,0.96
1,7.3,91,0.67
1,7.3,91,0.88
1,7.3,91,0.89
1,7.3,91,0.91
1,7.3,91,0.92
1,7.3,91,0.96
1,7.4,91,0.8
1,7.4,91,0.83
1,7.4,91,0.99
1,7.4,91,1
1,7.6,91,0.68
1,7.6,91,0.87
1,7.7,91,0.89
1,7.8,91,1
1,7.9,91,0.84
1,8.1,91,0.91
1,8.2,91,0.97
1,2.4,92,0.08
1,3.7,92,0.11
1,3.7,92,0.16
1,4,92,0.29
1,4,92,0.63
1,4,92,0.81
1,4.1,92,0.33
1,4.3,92,0.08
1,4.3,92,0.38
1,4.3,92,0.74
1,4.5,92,0.13
1,4.6,92,0.11
1,4.7,92,0.9
1,4.8,92,0.11
1,4.8,92,0.17
1,4.8,92,0.19
1,4.8,92,0.24
1,4.8,92,0.8
1,4.9,92,0.22
1,4.9,92,0.4
1,5,92,0.14
1,5,92,0.45
1,5,92,0.5
1,5.1,92,0.05
1,5.1,92,0.55
1,5.2,92,0.38
1,5.2,92,0.7
1,5.2,92,0.92
1,5.3,92,0.16
1,5.3,92,0.17
1,5.3,92,0.7
1,5.3,92,0.71
1,5.4,92,0.11
1,5.4,92,0.17
1,5.4,92,0.36
1,5.4,92,0.4
1,5.4,92,0.67
1,5.4,92,0.7
1,5.4,92,0.86
1,5.5,92,0.29
1,5.5,92,0.55
1,5.5,92,0.57
1,5.5,92,0.6
1,5.5,92,0.7
1,5.5,92,0.73
1,5.5,92,0.75
1,5.5,92,0.79
1,5.6,92,0.13
1,5.6,92,0.2
1,5.6,92,0.32
1,5.6,92,0.57
1,5.7,92,0.29
1,5.7,92,0.35
1,5.7,92,0.39
1,5.7,92,0.73
1,5.8,92,0.2
1,5.8,92,0.42
1,5.8,92,0.57
1,5.8,92,0.71
1,5.8,92,0.71
1,5.8,92,0.81
1,5.8,92,0.85
1,5.9,92,0.32
1,5.9,92,0.4
1,5.9,92,0.56
1,5.9,92,0.58
1,5.9,92,0.8
1,6,92,0.14
1,6,92,0.21
1,6.1,92,0.32
1,6.1,92,0.4
1,6.1,92,0.57
1,6.1,92,0.63
1,6.1,92,0.64
1,6.1,92,0.67
1,6.1,92,0.76
1,6.1,92,0.78
1,6.1,92,0.91
1,6.1,92,1
1,6.2,92,0.19
1,6.2,92,0.32
1,6.2,92,0.4
1,6.2,92,0.49
1,6.2,92,0.75
1,6.2,92,0.83
1,6.2,92,0.83
1,6.3,92,0.2
1,6.3,92,0.23
1,6.3,92,0.37
1,6.3,92,0.61
1,6.3,92,0.64
1,6.3,92,0.67
1,6.3,92,0.72
1,6.3,92,0.8
1,6.3,92,0.88
1,6.4,92,0.41
1,6.4,92,0.45
1,6.4,92,0.86
1,6.4,92,0.88
1,6.4,92,0.94
1,6.5,92,0.38
1,6.5,92,0.43
1,6.5,92,0.47
1,6.5,92,0.6
1,6.5,92,0.6
1,6.6,92,0.3
1,6.6,92,0.4
1,6.6,92,0.63
1,6.6,92,0.69
1,6.6,92,0.83
1,6.6,92,0.91
1,6.6,92,0.93
1,6.7,92,0.43
1,6.7,92,0.76
1,6.7,92,0.8
1,6.7,92,0.88
1,6.7,92,1
1,6.8,92,0.4
1,6.8,92,0.53
1,6.8,92,0.81
1,6.8,92,0.83
1,6.8,92,0.83
1,6.8,92,0.86
1,6.8,92,1
1,6.9,92,0.77
1,6.9,92,0.87
1,6.9,92,0.9
1,6.9,92,0.91
1,6.9,92,0.95
1,7,92,0.73
1,7,92,0.88
1,7,92,0.91
1,7,92,0.93
1,7,92,1
1,7,92,1
1,7.1,92,0.73
1,7.1,92,0.91
1,7.1,92,0.96
1,7.1,92,0.98
1,7.1,92,1
1,7.2,92,0.55
1,7.2,92,0.71
1,7.3,92,0.71
1,7.3,92,0.83
1,7.3,92,0.96
1,7.3,92,1
1,7.4,92,0.87
1,7.4,92,0.88
1,7.5,92,0.73
1,7.5,92,0.91
1,7.5,92,0.94
1,7.6,92,0.89
1,7.6,92,0.94
1,7.7,92,0.63
1,7.7,92,0.8
1,7.7,92,0.88
1,7.8,92,0.93
1,7.9,92,0.98
1,7.9,92,1
1,8,92,0.96
1,3,93,0.06
1,3.2,93,0.06
1,3.6,93,0.17
1,3.7,93,0.07
1,3.9,93,0.3
1,4.1,93,0.07
1,4.1,93,0.2
1,4.1,93,0.36
1,4.4,93,0.03
1,4.4,93,0.11
1,4.4,93,0.29
1,4.6,93,0.13
1,4.6,93,0.81
1,4.6,93,1
1,4.8,93,0.1
1,4.9,93,0.27
1,5,93,0.18
1,5.1,93,0.14
1,5.1,93,0.17
1,5.1,93,0.19
1,5.1,93,0.24
1,5.1,93,0.26
1,5.2,93,0.32
1,5.3,93,0.09
1,5.3,93,0.21
1,5.3,93,0.24
1,5.3,93,0.57
1,5.3,93,0.83
1,5.3,93,1
1,5.4,93,0.09
1,5.4,93,0.14
1,5.4,93,0.55
1,5.4,93,0.59
1,5.4,93,1
1,5.5,93,0.44
1,5.5,93,0.56
1,5.5,93,0.8
1,5.7,93,0.2
1,5.7,93,0.41
1,5.7,93,0.52
1,5.7,93,0.56
1,5.7,93,0.59
1,5.7,93,0.6
1,5.7,93,0.63
1,5.7,93,0.64
1,5.8,93,0.09
1,5.8,93,0.26
1,5.8,93,0.41
1,5.8,93,0.43
1,5.8,93,0.8
1,5.8,93,0.83
1,5.8,93,0.91
1,5.9,93,0.12
1,5.9,93,0.45
1,5.9,93,0.73
1,5.9,93,0.81
1,6,93,0.37
1,6,93,0.5
1,6,93,0.61
1,6,93,0.7
1,6,93,0.77
1,6,93,0.77
1,6,93,0.85
1,6.1,93,0.25
1,6.1,93,0.5
1,6.1,93,0.71
1,6.1,93,0.83
1,6.1,93,0.95
1,6.2,93,0.16
1,6.2,93,0.26
1,6.2,93,0.4
1,6.2,93,0.76
1,6.2,93,0.78
1,6.2,93,0.83
1,6.2,93,1
1,6.3,93,0.26
1,6.3,93,0.5
1,6.3,93,0.5
1,6.3,93,0.5
1,6.3,93,0.54
1,6.3,93,0.65
1,6.3,93,0.75
1,6.3,93,0.8
1,6.3,93,0.83
1,6.3,93,0.86
1,6.4,93,0.5
1,6.4,93,0.55
1,6.4,93,0.57
1,6.4,93,0.85
1,6.4,93,0.88
1,6.4,93,0.88
1,6.4,93,0.89
1,6.4,93,0.91
1,6.6,93,0.72
1,6.6,93,0.72
1,6.6,93,0.85
1,6.7,93,0.2
1,6.7,93,0.76
1,6.7,93,0.86
1,6.7,93,0.89
1,6.7,93,0.9
1,6.7,93,0.92
1,6.7,93,0.92
1,6.7,93,0.93
1,6.8,93,0.5
1,6.8,93,0.75
1,6.8,93,0.83
1,6.8,93,0.85
1,6.8,93,0.87
1,6.9,93,0.33
1,6.9,93,0.76
1,6.9,93,0.8
1,6.9,93,0.88
1,6.9,93,0.88
1,6.9,93,0.9
1,7,93,0.75
1,7,93,0.86
1,7,93,0.93
1,7,93,0.94
1,7,93,0.98
1,7,93,1
1,7,93,1
1,7.1,93,0.63
1,7.1,93,0.78
1,7.1,93,0.9
1,7.1,93,0.92
1,7.2,93,0.37
1,7.2,93,0.88
1,7.2,93,1
1,7.2,93,1
1,7.2,93,1
1,7.3,93,0.71
1,7.3,93,0.73
1,7.3,93,0.75
1,7.3,93,0.89
1,7.3,93,0.94
1,7.3,93,1
1,7.4,93,0.68
1,7.4,93,0.99
1,7.5,93,0.71
1,7.5,93,0.9
1,7.5,93,0.94
1,7.6,93,0.92
1,7.6,93,0.94
1,7.6,93,0.99
1,7.6,93,1
1,7.6,93,1
1,7.7,93,0.77
1,7.7,93,0.89
1,7.7,93,1
1,7.8,93,0.99
1,8.1,93,0.99
1,8.1,93,1
1,8.1,93,1
1,8.2,93,0.99
1,2.8,94,0.19
1,2.8,94,0.22
1,3.2,94,0.23
1,3.4,94,0.17
1,4.5,94,0.29
1,4.6,94,0.03
1,4.6,94,0.55
1,4.9,94,0.42
1,4.9,94,0.75
1,5,94,0.06
1,5,94,0.11
1,5.1,94,0.18
1,5.1,94,0.29
1,5.1,94,0.33
1,5.2,94,0.08
1,5.2,94,0.38
1,5.2,94,0.45
1,5.2,94,0.47
1,5.2,94,0.68
1,5.2,94,0.75
1,5.3,94,0.15
1,5.3,94,0.21
1,5.3,94,0.54
1,5.3,94,0.64
1,5.3,94,0.88
1,5.4,94,0.06
1,5.4,94,0.11
1,5.4,94,0.41
1,5.4,94,0.81
1,5.5,94,0.22
1,5.5,94,0.41
1,5.5,94,0.5
1,5.5,94,0.5
1,5.5,94,0.85
1,5.6,94,0.24
1,5.7,94,0.37
1,5.7,94,0.42
1,5.7,94,0.45
1,5.7,94,0.56
1,5.7,94,0.78
1,5.7,94,0.83
1,5.8,94,0.18
1,5.8,94,0.19
1,5.8,94,0.36
1,5.8,94,0.4
1,5.8,94,0.57
1,5.8,94,0.57
1,5.8,94,0.67
1,5.8,94,0.69
1,5.8,94,0.79
1,5.9,94,0.07
1,5.9,94,0.52
1,5.9,94,0.67
1,5.9,94,0.93
1,6,94,0.14
1,6,94,0.26
1,6,94,0.42
1,6,94,0.43
1,6,94,0.67
1,6,94,0.77
1,6,94,0.86
1,6,94,1
1,6.1,94,0.63
1,6.1,94,0.75
1,6.1,94,0.8
1,6.1,94,0.81
1,6.2,94,0.2
1,6.2,94,0.54
1,6.2,94,0.57
1,6.2,94,0.62
1,6.2,94,0.63
1,6.2,94,0.72
1,6.2,94,0.76
1,6.2,94,0.8
1,6.2,94,0.88
1,6.3,94,0.24
1,6.3,94,0.56
1,6.3,94,0.71
1,6.3,94,0.72
1,6.3,94,0.87
1,6.3,94,0.92
1,6.3,94,1
1,6.5,94,0.64
1,6.5,94,0.77
1,6.5,94,0.91
1,6.6,94,0.3
1,6.6,94,0.63
1,6.6,94,0.69
1,6.6,94,0.78
1,6.6,94,0.82
1,6.6,94,0.89
1,6.6,94,1
1,6.6,94,1
1,6.7,94,0.64
1,6.7,94,1
1,6.7,94,1
1,6.8,94,0.56
1,6.8,94,0.82
1,6.8,94,1
1,6.9,94,0.2
1,6.9,94,0.54
1,6.9,94,0.67
1,6.9,94,0.67
1,6.9,94,0.79
1,6.9,94,0.83
1,6.9,94,0.93
1,7,94,0.64
1,7,94,0.7
1,7,94,0.71
1,7,94,0.79
1,7,94,0.82
1,7,94,0.85
1,7,94,0.87
1,7,94,0.92
1,7.1,94,0.68
1,7.2,94,0.87
1,7.2,94,1
1,7.2,94,1
1,7.3,94,0.62
1,7.3,94,0.75
1,7.3,94,0.91
1,7.3,94,0.94
1,7.4,94,0.86
1,7.4,94,0.89
1,7.4,94,0.95
1,7.4,94,0.95
1,7.4,94,0.99
1,7.4,94,1
1,7.5,94,0.7
1,7.5,94,0.95
1,7.7,94,0.93
1,7.7,94,0.93
1,7.7,94,0.94
1,7.7,94,0.95
1,7.8,94,0.63
1,7.8,94,0.7
1,7.8,94,0.85
1,7.8,94,0.95
1,7.8,94,0.97
1,7.9,94,0.93
1,8,94,0.97
1,8,94,0.97
1,8.1,94,0.89
1,8.1,94,0.95
1,8.2,94,1
1,2.9,95,0.04
1,3.4,95,0.07
1,3.6,95,1
1,3.8,95,0.08
1,4,95,0.51
1,4,95,0.61
1,4.2,95,0.43
1,4.4,95,0.33
1,4.4,95,0.5
1,4.5,95,0.25
1,4.6,95,0.34
1,4.7,95,0.14
1,4.7,95,0.29
1,4.7,95,0.78
1,4.8,95,0.25
1,4.9,95,0.08
1,4.9,95,0.73
1,5,95,0.1
1,5.1,95,0.14
1,5.1,95,0.17
1,5.1,95,0.2
1,5.1,95,0.27
1,5.1,95,0.31
1,5.2,95,0.2
1,5.2,95,0.56
1,5.3,95,0.23
1,5.3,95,0.38
1,5.3,95,0.43
1,5.3,95,0.75
1,5.4,95,0.24
1,5.4,95,0.25
1,5.4,95,0.3
1,5.4,95,0.44
1,5.4,95,0.61
1,5.5,95,0.1
1,5.5,95,0.5
1,5.5,95,0.56
1,5.5,95,0.85
1,5.6,95,0.25
1,5.6,95,0.29
1,5.6,95,0.64
1,5.6,95,0.75
1,5.6,95,0.77
1,5.6,95,0.85
1,5.7,95,0.12
1,5.7,95,0.4
1,5.7,95,0.67
1,5.7,95,0.74
1,5.7,95,0.8
1,5.7,95,1
1,5.8,95,0.09
1,5.8,95,0.2
1,5.8,95,0.43
1,5.8,95,0.58
1,5.8,95,0.9
1,5.9,95,0.44
1,5.9,95,0.5
1,5.9,95,0.5
1,5.9,95,0.65
1,5.9,95,0.67
1,5.9,95,0.67
1,6,95,0.45
1,6,95,0.63
1,6,95,0.71
1,6,95,0.75
1,6.1,95,0.25
1,6.1,95,0.35
1,6.1,95,0.38
1,6.1,95,0.39
1,6.1,95,0.44
1,6.1,95,0.62
1,6.1,95,0.73
1,6.2,95,0.19
1,6.2,95,0.4
1,6.2,95,0.59
1,6.2,95,0.61
1,6.2,95,0.75
1,6.3,95,0.38
1,6.3,95,0.42
1,6.3,95,0.44
1,6.3,95,0.58
1,6.3,95,0.67
1,6.3,95,0.8
1,6.4,95,0.29
1,6.4,95,0.47
1,6.4,95,0.56
1,6.4,95,0.62
1,6.4,95,0.67
1,6.4,95,0.87
1,6.4,95,0.87
1,6.5,95,0.63
1,6.5,95,0.8
1,6.5,95,0.83
1,6.5,95,0.91
1,6.5,95,0.91
1,6.6,95,0.52
1,6.6,95,0.55
1,6.6,95,1
1,6.6,95,1
1,6.7,95,0.73
1,6.7,95,0.82
1,6.7,95,0.85
1,6.7,95,0.88
1,6.7,95,0.97
1,6.8,95,0.47
1,6.8,95,0.57
1,6.8,95,0.67
1,6.8,95,0.67
1,6.8,95,0.92
1,6.8,95,0.97
1,6.8,95,0.97
1,6.8,95,0.98
1,6.8,95,1
1,6.9,95,0.49
1,6.9,95,0.64
1,6.9,95,1
1,7,95,0.65
1,7,95,0.67
1,7,95,0.91
1,7,95,0.92
1,7.1,95,0.75
1,7.1,95,0.81
1,7.1,95,0.81
1,7.1,95,0.83
1,7.1,95,0.91
1,7.1,95,0.94
1,7.1,95,0.96
1,7.2,95,0.57
1,7.2,95,0.69
1,7.2,95,0.72
1,7.2,95,0.81
1,7.2,95,0.83
1,7.2,95,0.87
1,7.2,95,0.91
1,7.2,95,0.92
1,7.3,95,0.73
1,7.3,95,0.96
1,7.3,95,1
1,7.4,95,0.63
1,7.4,95,0.77
1,7.4,95,0.85
1,7.4,95,0.87
1,7.4,95,0.94
1,7.4,95,1
1,7.5,95,0.67
1,7.5,95,0.81
1,7.5,95,0.95
1,7.6,95,0.81
1,7.6,95,0.88
1,7.6,95,1
1,7.7,95,0.93
1,7.7,95,1
1,7.7,95,1
1,7.7,95,1
1,7.7,95,1
1,7.8,95,0.86
1,7.8,95,1
1,7.9,95,0.98
1,8.6,95,0.94
1,3.6,96,0.33
1,3.6,96,0.5
1,3.7,96,0.4
1,3.8,96,0.13
1,4.2,96,0.18
1,4.4,96,0.18
1,4.5,96,0.2
1,4.6,96,0.15
1,4.7,96,0.57
1,4.8,96,0.57
1,5,96,0.43
1,5.1,96,0.69
1,5.2,96,0.05
1,5.2,96,0.4
1,5.2,96,0.71
1,5.3,96,0.56
1,5.3,96,0.81
1,5.4,96,0.13
1,5.4,96,0.26
1,5.4,96,1
1,5.5,96,0.38
1,5.5,96,0.68
1,5.5,96,0.94
1,5.6,96,0.25
1,5.6,96,0.39
1,5.6,96,0.41
1,5.7,96,0.86
1,5.8,96,0.19
1,5.8,96,0.22
1,5.8,96,0.69
1,5.8,96,0.8
1,5.9,96,0.44
1,5.9,96,0.5
1,5.9,96,0.76
1,6,96,0.29
1,6,96,0.6
1,6,96,0.9
1,6,96,0.95
1,6.1,96,0.18
1,6.1,96,0.2
1,6.1,96,0.38
1,6.1,96,0.43
1,6.1,96,0.57
1,6.1,96,0.7
1,6.1,96,0.83
1,6.1,96,0.86
1,6.1,96,0.92
1,6.2,96,0.21
1,6.2,96,0.28
1,6.2,96,0.29
1,6.2,96,0.37
1,6.2,96,0.38
1,6.2,96,0.42
1,6.2,96,0.43
1,6.3,96,0.19
1,6.3,96,0.44
1,6.3,96,0.51
1,6.3,96,0.58
1,6.3,96,0.81
1,6.4,96,0.32
1,6.4,96,0.6
1,6.4,96,0.67
1,6.4,96,0.69
1,6.4,96,0.75
1,6.5,96,0.63
1,6.5,96,0.71
1,6.5,96,0.78
1,6.5,96,0.8
1,6.5,96,0.89
1,6.6,96,0.53
1,6.6,96,0.62
1,6.6,96,0.69
1,6.6,96,0.71
1,6.7,96,0.27
1,6.7,96,0.29
1,6.7,96,0.89
1,6.7,96,0.94
1,6.8,96,0.53
1,6.8,96,0.57
1,6.8,96,0.76
1,6.8,96,0.87
1,6.8,96,0.88
1,6.8,96,0.89
1,6.8,96,0.9
1,6.8,96,1
1,6.9,96,0.34
1,6.9,96,0.88
1,7,96,0.79
1,7,96,0.82
1,7,96,0.83
1,7,96,0.84
1,7,96,0.9
1,7.1,96,0.55
1,7.1,96,0.61
1,7.1,96,0.88
1,7.1,96,0.94
1,7.2,96,0.7
1,7.2,96,0.83
1,7.2,96,0.83
1,7.2,96,0.87
1,7.2,96,0.89
1,7.2,96,1
1,7.2,96,1
1,7.2,96,1
1,7.3,96,0.9
1,7.3,96,1
1,7.5,96,0.74
1,7.5,96,0.83
1,7.5,96,0.92
1,7.5,96,0.98
1,7.6,96,0.83
1,7.7,96,0.59
1,7.7,96,0.84
1,7.7,96,0.94
1,7.7,96,0.97
1,7.7,96,1
1,7.8,96,0.83
1,7.8,96,1
1,7.9,96,0.64
1,7.9,96,0.96
1,7.9,96,0.97
1,8,96,0.98
1,8.1,96,0.98
1,8.2,96,0.6
1,8.2,96,0.94
1,8.2,96,0.98
1,8.3,96,0.74
1,3.8,97,0.1
1,4.2,97,0.18
1,4.3,97,0.17
1,4.3,97,0.36
1,4.4,97,0.14
1,4.4,97,0.27
1,4.5,97,1
1,4.6,97,0.2
1,4.7,97,0.13
1,4.7,97,0.17
1,4.8,97,0.16
1,4.8,97,0.32
1,4.9,97,0.75
1,4.9,97,0.85
1,5,97,0.12
1,5,97,0.13
1,5,97,0.14
1,5,97,0.33
1,5.1,97,0.18
1,5.2,97,0.33
1,5.2,97,0.63
1,5.3,97,0.16
1,5.3,97,0.33
1,5.3,97,0.46
1,5.4,97,0.36
1,5.5,97,0.2
1,5.5,97,0.25
1,5.5,97,0.33
1,5.5,97,0.63
1,5.6,97,0.12
1,5.6,97,0.21
1,5.6,97,0.24
1,5.6,97,0.5
1,5.7,97,0.3
1,5.7,97,0.33
1,5.7,97,0.42
1,5.7,97,0.54
1,5.7,97,0.6
1,5.8,97,0.21
1,5.8,97,0.29
1,5.8,97,0.32
1,5.8,97,0.4
1,5.8,97,0.88
1,5.9,97,0.36
1,5.9,97,0.57
1,5.9,97,0.6
1,5.9,97,0.6
1,6,97,0.3
1,6,97,0.4
1,6,97,0.44
1,6,97,0.67
1,6,97,0.86
1,6.1,97,0.61
1,6.1,97,0.77
1,6.1,97,0.84
1,6.1,97,0.88
1,6.1,97,0.88
1,6.2,97,0.27
1,6.2,97,0.52
1,6.2,97,0.61
1,6.2,97,0.65
1,6.2,97,0.73
1,6.2,97,0.92
1,6.3,97,0.57
1,6.3,97,0.62
1,6.3,97,0.7
1,6.3,97,0.84
1,6.3,97,0.85
1,6.4,97,0.14
1,6.4,97,0.44
1,6.4,97,0.56
1,6.4,97,0.63
1,6.4,97,0.73
1,6.4,97,0.75
1,6.4,97,0.76
1,6.4,97,0.8
1,6.4,97,0.87
1,6.5,97,0.52
1,6.5,97,0.71
1,6.5,97,0.83
1,6.5,97,1
1,6.6,97,0.39
1,6.6,97,0.6
1,6.6,97,0.69
1,6.6,97,0.76
1,6.6,97,0.83
1,6.6,97,0.86
1,6.7,97,0.38
1,6.7,97,0.45
1,6.7,97,0.59
1,6.7,97,0.8
1,6.7,97,0.92
1,6.7,97,0.98
1,6.8,97,0.77
1,6.8,97,0.84
1,6.8,97,0.85
1,6.8,97,1
1,6.8,97,1
1,6.9,97,0.48
1,6.9,97,0.57
1,6.9,97,0.76
1,6.9,97,0.88
1,6.9,97,0.91
1,7,97,0.1
1,7,97,0.57
1,7,97,0.59
1,7,97,0.71
1,7,97,0.81
1,7,97,1
1,7.1,97,0.69
1,7.1,97,0.83
1,7.1,97,0.85
1,7.1,97,0.91
1,7.1,97,0.92
1,7.1,97,1
1,7.2,97,0.76
1,7.2,97,0.76
1,7.2,97,0.89
1,7.2,97,0.91
1,7.2,97,0.92
1,7.2,97,1
1,7.3,97,0.76
1,7.3,97,0.77
1,7.3,97,0.84
1,7.3,97,0.88
1,7.3,97,0.94
1,7.4,97,1
1,7.5,97,0.5
1,7.5,97,0.69
1,7.5,97,0.95
1,7.5,97,1
1,7.8,97,0.86
1,7.9,97,0.9
1,4.1,98,0.14
1,4.2,98,0.32
1,4.4,98,0.38
1,4.5,98,0.25
1,4.6,98,0.11
1,4.6,98,0.52
1,4.7,98,0.5
1,4.9,98,0.5
1,5,98,0.4
1,5,98,0.5
1,5,98,1
1,5.1,98,0.29
1,5.1,98,0.3
1,5.1,98,0.32
1,5.1,98,0.37
1,5.1,98,0.4
1,5.1,98,0.43
1,5.2,98,0.05
1,5.2,98,0.42
1,5.2,98,0.53
1,5.3,98,0.25
1,5.3,98,0.27
1,5.3,98,0.29
1,5.3,98,0.43
1,5.3,98,0.5
1,5.3,98,0.5
1,5.3,98,0.73
1,5.4,98,0.05
1,5.4,98,0.16
1,5.4,98,0.29
1,5.4,98,0.63
1,5.5,98,0.11
1,5.5,98,0.2
1,5.5,98,0.67
1,5.5,98,1
1,5.6,98,0.28
1,5.6,98,0.5
1,5.6,98,0.61
1,5.6,98,0.64
1,5.6,98,0.76
1,5.6,98,0.97
1,5.7,98,0.22
1,5.7,98,0.37
1,5.7,98,0.42
1,5.7,98,0.44
1,5.7,98,0.67
1,5.8,98,0.08
1,5.8,98,0.17
1,5.8,98,0.61
1,5.8,98,0.74
1,5.9,98,0.14
1,5.9,98,0.24
1,5.9,98,0.42
1,5.9,98,0.76
1,6,98,0.33
1,6,98,0.4
1,6,98,0.44
1,6,98,0.5
1,6,98,0.52
1,6,98,0.65
1,6,98,0.74
1,6,98,0.82
1,6,98,0.91
1,6.1,98,0.49
1,6.1,98,0.53
1,6.1,98,0.6
1,6.1,98,0.72
1,6.1,98,0.79
1,6.1,98,0.83
1,6.2,98,0.26
1,6.2,98,0.54
1,6.2,98,0.77
1,6.2,98,0.8
1,6.2,98,0.84
1,6.2,98,0.95
1,6.3,98,0.29
1,6.3,98,0.29
1,6.3,98,0.33
1,6.3,98,0.33
1,6.3,98,0.6
1,6.3,98,0.67
1,6.4,98,0.22
1,6.4,98,0.33
1,6.4,98,0.41
1,6.4,98,0.67
1,6.4,98,0.69
1,6.4,98,0.71
1,6.4,98,0.77
1,6.4,98,0.8
1,6.4,98,0.85
1,6.4,98,0.86
1,6.5,98,0.36
1,6.5,98,0.43
1,6.5,98,0.57
1,6.5,98,0.71
1,6.5,98,0.74
1,6.5,98,0.79
1,6.6,98,0.62
1,6.6,98,0.74
1,6.6,98,0.75
1,6.6,98,0.75
1,6.6,98,0.85
1,6.6,98,0.86
1,6.6,98,0.88
1,6.6,98,0.89
1,6.7,98,0.14
1,6.7,98,0.35
1,6.7,98,0.75
1,6.7,98,0.9
1,6.7,98,0.94
1,6.7,98,1
1,6.8,98,0.43
1,6.8,98,0.71
1,6.8,98,0.73
1,6.8,98,0.8
1,6.8,98,0.89
1,6.8,98,0.93
1,6.9,98,0.76
1,6.9,98,0.88
1,7,98,0.76
1,7,98,0.8
1,7,98,0.92
1,7,98,0.93
1,7.1,98,0.5
1,7.1,98,0.78
1,7.1,98,0.83
1,7.1,98,1
1,7.2,98,0.71
1,7.2,98,0.73
1,7.2,98,0.85
1,7.2,98,0.95
1,7.3,98,0.38
1,7.3,98,0.64
1,7.3,98,0.84
1,7.3,98,1
1,7.4,98,0.92
1,7.4,98,1
1,7.5,98,0.94
1,7.5,98,0.99
1,7.6,98,0.9
1,7.6,98,0.95
1,7.7,98,0.94
1,8,98,0.78
1,8.1,98,0.88
1,8.1,98,0.97
1,8.4,98,0.95
1,2.9,99,0.2
1,2.9,99,0.4
1,4.4,99,0.6
1,4.6,99,0.2
1,4.9,99,0.04
1,4.9,99,0.33
1,4.9,99,0.75
1,5,99,0.14
1,5.1,99,0.23
1,5.2,99,0.25
1,5.2,99,0.42
1,5.3,99,0.33
1,5.3,99,0.4
1,5.3,99,0.4
1,5.3,99,0.9
1,5.4,99,0.08
1,5.4,99,0.18
1,5.5,99,0.27
1,5.5,99,0.33
1,5.5,99,0.73
1,5.6,99,0.05
1,5.6,99,0.6
1,5.6,99,0.65
1,5.6,99,0.87
1,5.7,99,0.06
1,5.7,99,0.53
1,5.7,99,0.75
1,5.8,99,0.41
1,5.8,99,0.5
1,5.8,99,0.57
1,5.9,99,0.1
1,5.9,99,0.44
1,5.9,99,0.96
1,6,99,0.09
1,6,99,0.25
1,6,99,0.26
1,6.1,99,0.76
1,6.1,99,0.88
1,6.2,99,0.22
1,6.2,99,0.64
1,6.2,99,0.71
1,6.2,99,0.9
1,6.3,99,0.25
1,6.3,99,0.86
1,6.3,99,0.9
1,6.4,99,0.45
1,6.4,99,0.54
1,6.4,99,0.62
1,6.4,99,0.65
1,6.4,99,0.7
1,6.4,99,0.87
1,6.4,99,1
1,6.5,99,0.36
1,6.5,99,0.46
1,6.5,99,0.55
1,6.5,99,0.61
1,6.5,99,0.92
1,6.6,99,0.71
1,6.6,99,0.74
1,6.6,99,0.82
1,6.7,99,0.5
1,6.7,99,0.56
1,6.7,99,0.63
1,6.7,99,0.7
1,6.7,99,0.86
1,6.7,99,0.89
1,6.8,99,0.84
1,6.8,99,0.88
1,6.8,99,0.92
1,6.9,99,0.8
1,6.9,99,1
1,7,99,0.73
1,7,99,0.83
1,7.1,99,0.61
1,7.1,99,0.8
1,7.1,99,0.85
1,7.1,99,1
1,7.2,99,0.85
1,7.2,99,0.86
1,7.2,99,0.97
1,7.2,99,1
1,7.2,99,1
1,7.3,99,0.74
1,7.3,99,0.76
1,7.3,99,0.86
1,7.4,99,0.64
1,7.4,99,0.83
1,7.4,99,0.84
1,7.4,99,0.86
1,7.4,99,0.86
1,7.4,99,0.96
1,7.5,99,0.95
1,7.6,99,0.85
1,7.7,99,0.9
1,7.7,99,1
1,4.1,100,0.09
1,4.2,100,0.43
1,4.3,100,0.2
1,4.4,100,0.5
1,4.5,100,0.09
1,4.6,100,0.22
1,4.6,100,0.4
1,4.8,100,0.17
1,4.8,100,0.36
1,4.8,100,0.63
1,4.8,100,0.71
1,4.9,100,0.31
1,4.9,100,0.33
1,4.9,100,0.42
1,5,100,0.22
1,5,100,0.32
1,5,100,0.4
1,5,100,0.75
1,5.1,100,0.4
1,5.2,100,0.13
1,5.2,100,0.65
1,5.3,100,0.38
1,5.3,100,0.8
1,5.4,100,0.1
1,5.4,100,0.2
1,5.4,100,0.2
1,5.4,100,0.25
1,5.4,100,1
1,5.5,100,0.21
1,5.5,100,0.38
1,5.5,100,0.93
1,5.6,100,0.1
1,5.6,100,0.4
1,5.6,100,0.42
1,5.6,100,0.58
1,5.7,100,0.2
1,5.7,100,0.62
1,5.7,100,0.69
1,5.7,100,0.71
1,5.7,100,1
1,5.8,100,0.47
1,5.8,100,0.5
1,5.9,100,0.17
1,5.9,100,0.45
1,5.9,100,0.5
1,5.9,100,0.57
1,5.9,100,0.9
1,6,100,0.15
1,6,100,0.29
1,6,100,0.45
1,6,100,0.63
1,6,100,0.82
1,6,100,0.9
1,6.1,100,0.39
1,6.1,100,0.43
1,6.1,100,0.48
1,6.1,100,0.89
1,6.2,100,0.57
1,6.2,100,0.69
1,6.2,100,0.71
1,6.2,100,0.88
1,6.2,100,0.89
1,6.2,100,0.89
1,6.2,100,1
1,6.3,100,0.5
1,6.3,100,0.71
1,6.3,100,1
1,6.4,100,0.52
1,6.4,100,0.56
1,6.4,100,0.62
1,6.4,100,0.63
1,6.4,100,0.73
1,6.4,100,0.84
1,6.4,100,0.89
1,6.5,100,0.2
1,6.5,100,0.23
1,6.5,100,0.42
1,6.5,100,0.56
1,6.5,100,0.59
1,6.5,100,0.75
1,6.5,100,0.83
1,6.5,100,0.91
1,6.5,100,1
1,6.6,100,0.29
1,6.6,100,0.56
1,6.6,100,0.69
1,6.6,100,0.7
1,6.6,100,0.72
1,6.6,100,0.81
1,6.6,100,0.88
1,6.7,100,0.4
1,6.7,100,0.43
1,6.7,100,0.83
1,6.7,100,1
1,6.8,100,0.38
1,6.8,100,0.42
1,6.8,100,0.52
1,6.8,100,0.8
1,6.8,100,0.82
1,6.8,100,0.83
1,6.9,100,0.43
1,6.9,100,0.61
1,6.9,100,0.71
1,6.9,100,0.81
1,6.9,100,1
1,7,100,0.62
1,7,100,0.68
1,7,100,0.74
1,7,100,0.75
1,7,100,0.83
1,7,100,0.89
1,7,100,0.92
1,7.1,100,0.75
1,7.1,100,0.86
1,7.1,100,0.89
1,7.1,100,0.95
1,7.1,100,1
1,7.2,100,0.62
1,7.2,100,0.69
1,7.2,100,0.74
1,7.2,100,0.78
1,7.2,100,0.86
1,7.2,100,0.97
1,7.3,100,0.4
1,7.3,100,0.4
1,7.3,100,0.6
1,7.3,100,0.67
1,7.3,100,0.71
1,7.3,100,0.86
1,7.4,100,0.89
1,7.4,100,0.9
1,7.4,100,0.92
1,7.4,100,1
1,7.5,100,0.8
1,7.5,100,1
1,7.6,100,0.93
1,7.6,100,0.98
1,7.6,100,1
1,7.7,100,0.89
1,7.7,100,0.94
1,7.8,100,0.91
1,7.8,100,0.92
1,7.8,100,0.97
1,7.9,100,0.95
1,7.9,100,1
1,8.1,100,0.99
1,8.1,100,1
1,8.2,100,0.96
1,8.2,100,0.97
1,8.2,100,1
1,8.3,100,1
1,8.5,100,0.99
1,4.1,101,0.86
1,4.4,101,0.03
1,4.6,101,0.2
1,4.7,101,0.3
1,4.8,101,0.22
1,4.8,101,0.41
1,5.1,101,0.42
1,5.2,101,0.23
1,5.2,101,0.44
1,5.3,101,0.75
1,5.4,101,0.09
1,5.4,101,0.17
1,5.4,101,0.36
1,5.4,101,0.84
1,5.4,101,1
1,5.5,101,0.4
1,5.6,101,0.14
1,5.6,101,0.24
1,5.6,101,0.57
1,5.6,101,0.85
1,5.7,101,0.58
1,5.8,101,0.18
1,5.8,101,0.43
1,5.8,101,0.45
1,5.8,101,0.47
1,5.8,101,0.56
1,5.8,101,0.76
1,5.8,101,0.77
1,5.8,101,0.79
1,5.8,101,0.8
1,5.9,101,0.08
1,5.9,101,0.27
1,5.9,101,0.29
1,5.9,101,0.4
1,5.9,101,0.43
1,5.9,101,0.8
1,6,101,0.18
1,6,101,0.49
1,6,101,0.75
1,6,101,0.75
1,6.1,101,0.18
1,6.1,101,0.35
1,6.1,101,0.43
1,6.1,101,1
1,6.2,101,0.08
1,6.2,101,0.32
1,6.3,101,0.38
1,6.3,101,0.67
1,6.3,101,0.82
1,6.3,101,0.83
1,6.3,101,0.89
1,6.4,101,0.86
1,6.4,101,0.89
1,6.4,101,0.91
1,6.4,101,1
1,6.5,101,0.21
1,6.5,101,0.51
1,6.5,101,0.61
1,6.5,101,0.64
1,6.5,101,0.65
1,6.5,101,0.71
1,6.5,101,0.81
1,6.6,101,0.38
1,6.6,101,0.53
1,6.6,101,0.87
1,6.7,101,0.68
1,6.7,101,0.92
1,6.7,101,0.93
1,6.8,101,0.37
1,6.8,101,0.61
1,6.8,101,0.89
1,6.9,101,0.56
1,6.9,101,0.77
1,6.9,101,0.94
1,7,101,0.47
1,7,101,0.8
1,7,101,0.87
1,7,101,1
1,7.1,101,0.88
1,7.1,101,1
1,7.2,101,0.5
1,7.2,101,0.86
1,7.2,101,0.92
1,7.2,101,0.98
1,7.2,101,1
1,7.3,101,0.6
1,7.4,101,0.97
1,7.5,101,0.72
1,7.5,101,1
1,7.5,101,1
1,7.6,101,0.89
1,7.7,101,0.77
1,7.7,101,0.87
1,7.9,101,0.96
1,7.9,101,0.96
1,8,101,0.96
1,3.3,102,0.23
1,4,102,0.13
1,4.4,102,0.33
1,4.5,102,0.17
1,4.5,102,0.25
1,4.5,102,0.29
1,4.5,102,0.44
1,4.8,102,0.09
1,5.1,102,0.28
1,5.1,102,0.33
1,5.2,102,0.32
1,5.3,102,0.38
1,5.3,102,0.45
1,5.3,102,0.86
1,5.4,102,0.3
1,5.4,102,0.34
1,5.5,102,0.16
1,5.5,102,0.41
1,5.6,102,0.67
1,5.7,102,0.16
1,5.7,102,0.4
1,5.7,102,0.47
1,5.7,102,0.55
1,5.7,102,0.82
1,5.8,102,0.27
1,5.8,102,0.5
1,5.8,102,0.79
1,5.9,102,0.43
1,5.9,102,0.78
1,5.9,102,0.96
1,6,102,0.29
1,6,102,0.73
1,6,102,0.75
1,6,102,1
1,6.1,102,0.29
1,6.1,102,0.3
1,6.2,102,0.18
1,6.2,102,0.27
1,6.2,102,0.64
1,6.2,102,0.79
1,6.2,102,0.8
1,6.2,102,1
1,6.3,102,0.36
1,6.3,102,0.46
1,6.3,102,0.5
1,6.3,102,0.82
1,6.3,102,0.88
1,6.3,102,0.9
1,6.3,102,0.91
1,6.4,102,0.38
1,6.4,102,0.43
1,6.4,102,0.65
1,6.4,102,0.76
1,6.4,102,0.83
1,6.4,102,1
1,6.5,102,0.45
1,6.5,102,0.8
1,6.5,102,0.8
1,6.5,102,0.81
1,6.5,102,0.89
1,6.5,102,1
1,6.6,102,0.07
1,6.6,102,0.32
1,6.6,102,0.38
1,6.6,102,0.6
1,6.6,102,0.68
1,6.6,102,0.85
1,6.6,102,0.89
1,6.7,102,0.66
1,6.7,102,0.7
1,6.7,102,0.74
1,6.7,102,0.79
1,6.7,102,0.85
1,6.7,102,0.88
1,6.7,102,0.93
1,6.8,102,0.67
1,6.8,102,0.9
1,6.9,102,0.53
1,6.9,102,0.57
1,6.9,102,0.67
1,6.9,102,0.82
1,7,102,0.25
1,7,102,0.81
1,7.1,102,0.78
1,7.1,102,0.78
1,7.1,102,0.92
1,7.1,102,0.93
1,7.1,102,1
1,7.2,102,0.33
1,7.2,102,0.46
1,7.2,102,0.84
1,7.2,102,0.97
1,7.3,102,0.48
1,7.3,102,0.57
1,7.3,102,0.8
1,7.3,102,0.96
1,7.4,102,0.55
1,7.4,102,0.67
1,7.4,102,0.9
1,7.4,102,0.92
1,7.4,102,0.92
1,7.4,102,1
1,7.5,102,0.81
1,7.5,102,0.88
1,7.6,102,0.82
1,7.6,102,0.88
1,7.6,102,0.97
1,7.8,102,0.89
1,7.8,102,1
1,7.8,102,1
1,7.9,102,0.98
1,8.1,102,1
1,8.3,102,0.9
1,8.4,102,0.88
1,8.5,102,0.76
1,4,103,0.4
1,4.1,103,0.05
1,4.6,103,0.15
1,4.8,103,0.44
1,4.9,103,0.7
1,5,103,0.29
1,5.1,103,0.46
1,5.2,103,0.64
1,5.3,103,0.1
1,5.4,103,0.09
1,5.4,103,0.23
1,5.4,103,0.68
1,5.6,103,0.43
1,5.6,103,0.77
1,5.7,103,0.42
1,5.7,103,0.43
1,5.7,103,0.47
1,5.8,103,0.22
1,5.8,103,0.43
1,5.8,103,0.47
1,5.9,103,0.72
1,6,103,0.2
1,6,103,0.23
1,6,103,0.35
1,6,103,0.61
1,6,103,0.69
1,6,103,0.9
1,6.1,103,0.34
1,6.2,103,0.22
1,6.2,103,0.37
1,6.2,103,0.5
1,6.2,103,0.64
1,6.2,103,0.75
1,6.3,103,0.5
1,6.3,103,0.5
1,6.4,103,0.27
1,6.4,103,0.39
1,6.4,103,0.5
1,6.4,103,0.55
1,6.4,103,0.66
1,6.4,103,0.84
1,6.5,103,0.22
1,6.5,103,0.4
1,6.5,103,0.5
1,6.5,103,0.53
1,6.5,103,0.57
1,6.5,103,0.75
1,6.5,103,1
1,6.6,103,0.63
1,6.6,103,0.75
1,6.6,103,0.89
1,6.6,103,0.9
1,6.7,103,0.82
1,6.8,103,0.66
1,6.8,103,0.72
1,6.8,103,0.77
1,6.8,103,0.89
1,6.9,103,0.77
1,6.9,103,0.8
1,6.9,103,0.9
1,7,103,0.73
1,7,103,0.82
1,7,103,0.86
1,7,103,0.91
1,7,103,1
1,7.1,103,0.56
1,7.1,103,0.67
1,7.1,103,0.82
1,7.2,103,0.63
1,7.2,103,0.67
1,7.2,103,0.8
1,7.2,103,0.83
1,7.2,103,0.85
1,7.2,103,0.89
1,7.2,103,0.93
1,7.2,103,1
1,7.3,103,0.56
1,7.3,103,0.77
1,7.3,103,0.86
1,7.3,103,0.93
1,7.4,103,0.8
1,7.4,103,0.87
1,7.4,103,0.94
1,7.4,103,0.95
1,7.5,103,0.87
1,7.5,103,0.94
1,7.5,103,0.95
1,7.6,103,0.94
1,7.7,103,0.91
1,7.8,103,0.57
1,7.8,103,0.8
1,7.8,103,0.92
1,8,103,0.86
1,8.3,103,0.96
1,8.3,103,0.98
1,3.9,104,0.2
1,4.3,104,0.13
1,4.3,104,0.38
1,4.6,104,0.08
1,5,104,0.07
1,5,104,0.21
1,5,104,0.57
1,5,104,0.82
1,5.3,104,0.4
1,5.3,104,0.57
1,5.3,104,0.67
1,5.4,104,0.36
1,5.4,104,0.38
1,5.5,104,0.13
1,5.5,104,0.33
1,5.5,104,0.42
1,5.5,104,0.45
1,5.6,104,0.29
1,5.6,104,0.31
1,5.6,104,0.56
1,5.6,104,0.83
1,5.7,104,0.2
1,5.7,104,0.43
1,5.7,104,0.7
1,5.7,104,0.87
1,5.7,104,0.88
1,5.8,104,0.22
1,5.8,104,0.64
1,5.8,104,0.84
1,5.9,104,0.31
1,5.9,104,0.63
1,5.9,104,0.75
1,6,104,0.54
1,6.1,104,0.55
1,6.1,104,0.65
1,6.1,104,0.67
1,6.1,104,0.93
1,6.2,104,0.5
1,6.2,104,0.8
1,6.2,104,0.89
1,6.3,104,0.14
1,6.3,104,0.17
1,6.3,104,0.59
1,6.3,104,0.83
1,6.4,104,0.58
1,6.4,104,0.62
1,6.4,104,0.83
1,6.4,104,0.88
1,6.4,104,0.89
1,6.5,104,0.52
1,6.5,104,0.63
1,6.5,104,0.68
1,6.5,104,0.75
1,6.5,104,0.8
1,6.5,104,0.82
1,6.5,104,0.86
1,6.6,104,0.91
1,6.7,104,0.21
1,6.7,104,0.54
1,6.7,104,0.57
1,6.7,104,0.67
1,6.7,104,0.84
1,6.8,104,0.46
1,6.8,104,0.89
1,6.9,104,0.71
1,6.9,104,0.8
1,6.9,104,0.91
1,7,104,0.56
1,7,104,0.68
1,7,104,0.88
1,7,104,0.95
1,7.1,104,0.64
1,7.1,104,0.69
1,7.1,104,0.83
1,7.2,104,0.9
1,7.2,104,0.91
1,7.2,104,0.94
1,7.3,104,0.73
1,7.3,104,0.8
1,7.3,104,0.94
1,7.3,104,1
1,7.4,104,0.86
1,7.4,104,0.91
1,7.5,104,0.91
1,7.5,104,0.92
1,7.6,104,0.24
1,7.7,104,0.97
1,7.8,104,0.81
1,8.2,104,1
1,8.3,104,0.89
1,8.7,104,0.6
1,1.8,105,0.19
1,3.2,105,0.06
1,3.3,105,0.6
1,4.1,105,0.08
1,4.5,105,0.11
1,4.6,105,0.16
1,4.7,105,0.5
1,4.9,105,0.38
1,4.9,105,0.5
1,5,105,0.22
1,5,105,0.22
1,5.1,105,0.52
1,5.2,105,0.19
1,5.3,105,0.27
1,5.4,105,0.17
1,5.4,105,0.84
1,5.6,105,0.05
1,5.6,105,0.4
1,5.7,105,0.29
1,5.7,105,0.43
1,5.7,105,0.6
1,5.7,105,0.72
1,5.7,105,0.8
1,5.7,105,1
1,5.8,105,0.18
1,5.8,105,0.35
1,5.8,105,0.66
1,5.8,105,0.66
1,5.9,105,0.42
1,5.9,105,0.5
1,5.9,105,0.55
1,5.9,105,0.57
1,5.9,105,0.68
1,5.9,105,0.8
1,6.1,105,0.17
1,6.1,105,0.5
1,6.1,105,0.62
1,6.1,105,0.7
1,6.1,105,0.7
1,6.1,105,0.86
1,6.1,105,0.96
1,6.2,105,0.38
1,6.2,105,0.49
1,6.2,105,0.6
1,6.2,105,0.71
1,6.3,105,0.56
1,6.3,105,0.61
1,6.3,105,0.8
1,6.3,105,0.85
1,6.4,105,0.27
1,6.4,105,0.52
1,6.4,105,0.6
1,6.4,105,0.61
1,6.4,105,0.81
1,6.4,105,1
1,6.5,105,0.64
1,6.5,105,0.64
1,6.5,105,0.89
1,6.5,105,1
1,6.6,105,0.17
1,6.6,105,0.35
1,6.6,105,0.45
1,6.7,105,0.54
1,6.7,105,0.64
1,6.7,105,0.74
1,6.7,105,0.78
1,6.7,105,0.8
1,6.7,105,0.8
1,6.7,105,0.87
1,6.7,105,0.97
1,6.8,105,0.4
1,6.8,105,0.58
1,6.8,105,0.69
1,6.8,105,0.72
1,6.8,105,0.77
1,6.8,105,0.88
1,6.9,105,0.91
1,7,105,0.57
1,7.1,105,0.75
1,7.1,105,0.75
1,7.1,105,0.76
1,7.1,105,0.76
1,7.1,105,0.78
1,7.1,105,0.8
1,7.1,105,0.94
1,7.1,105,0.97
1,7.2,105,0.84
1,7.2,105,0.89
1,7.2,105,0.95
1,7.3,105,0.8
1,7.3,105,0.96
1,7.4,105,0.67
1,7.4,105,0.81
1,7.4,105,0.83
1,7.4,105,0.95
1,7.5,105,0.88
1,7.5,105,1
1,7.6,105,0.94
1,7.7,105,0.98
1,7.9,105,0.58
1,8.3,105,0.73
1,8.4,105,0.97
1,4.7,106,0.37
1,5.1,106,0.05
1,5.3,106,0.2
1,5.3,106,0.44
1,5.3,106,0.63
1,5.4,106,0.11
1,5.5,106,0.64
1,5.6,106,0.23
1,5.6,106,0.25
1,5.6,106,0.5
1,5.6,106,0.74
1,5.7,106,0.15
1,5.7,106,0.2
1,5.7,106,0.68
1,5.9,106,0.17
1,5.9,106,0.41
1,5.9,106,0.42
1,5.9,106,0.63
1,5.9,106,0.88
1,6,106,0.64
1,6,106,0.64
1,6,106,0.67
1,6.1,106,0.39
1,6.1,106,0.49
1,6.1,106,0.5
1,6.1,106,0.8
1,6.1,106,1
1,6.2,106,0.17
1,6.2,106,0.42
1,6.2,106,0.68
1,6.2,106,0.7
1,6.2,106,0.77
1,6.2,106,0.84
1,6.3,106,0.04
1,6.3,106,0.25
1,6.3,106,0.35
1,6.3,106,0.36
1,6.3,106,0.55
1,6.3,106,0.67
1,6.3,106,0.74
1,6.3,106,0.85
1,6.4,106,0.73
1,6.5,106,0.7
1,6.5,106,0.75
1,6.5,106,0.81
1,6.5,106,1
1,6.6,106,0.13
1,6.6,106,0.51
1,6.6,106,0.52
1,6.6,106,0.57
1,6.6,106,0.8
1,6.7,106,0.17
1,6.7,106,0.22
1,6.7,106,0.46
1,6.7,106,0.78
1,6.7,106,0.82
1,6.7,106,0.95
1,6.8,106,0.56
1,6.8,106,0.84
1,6.8,106,0.89
1,6.8,106,0.93
1,6.8,106,0.94
1,6.8,106,1
1,6.9,106,0.34
1,6.9,106,0.5
1,6.9,106,0.73
1,6.9,106,0.82
1,6.9,106,0.84
1,6.9,106,0.91
1,7,106,0.77
1,7,106,0.82
1,7,106,0.9
1,7.1,106,0.6
1,7.1,106,0.62
1,7.1,106,0.77
1,7.1,106,0.88
1,7.1,106,0.94
1,7.1,106,0.95
1,7.1,106,0.95
1,7.2,106,0.82
1,7.2,106,0.86
1,7.3,106,0.81
1,7.3,106,0.92
1,7.3,106,1
1,7.4,106,0.52
1,7.4,106,0.78
1,7.4,106,0.92
1,7.4,106,0.96
1,7.4,106,0.99
1,7.6,106,0.81
1,7.6,106,0.84
1,7.6,106,0.85
1,7.6,106,0.87
1,7.6,106,0.92
1,7.7,106,0.91
1,7.8,106,0.96
1,7.8,106,1
1,8,106,0.73
1,8,106,0.85
1,8,106,0.86
1,8.1,106,0.67
1,8.5,106,0.93
1,3.2,107,0.33
1,4.8,107,0.6
1,5,107,0.11
1,5.1,107,0.03
1,5.1,107,0.31
1,5.5,107,0.22
1,5.6,107,0.07
1,5.6,107,0.18
1,5.6,107,0.41
1,5.6,107,0.6
1,5.7,107,0.38
1,5.7,107,0.71
1,5.8,107,0.18
1,5.8,107,0.85
1,5.9,107,0.17
1,5.9,107,0.57
1,6,107,0.21
1,6,107,0.54
1,6,107,0.6
1,6.1,107,0.41
1,6.1,107,0.42
1,6.1,107,0.67
1,6.2,107,0.73
1,6.2,107,0.87
1,6.3,107,0.36
1,6.3,107,0.6
1,6.3,107,0.73
1,6.3,107,0.75
1,6.4,107,0.18
1,6.4,107,0.33
1,6.4,107,0.33
1,6.4,107,0.43
1,6.4,107,0.65
1,6.4,107,0.7
1,6.4,107,0.8
1,6.4,107,0.83
1,6.4,107,1
1,6.5,107,0.6
1,6.5,107,0.68
1,6.5,107,0.75
1,6.5,107,0.82
1,6.5,107,0.89
1,6.5,107,0.91
1,6.6,107,0.5
1,6.6,107,0.71
1,6.6,107,0.78
1,6.6,107,0.88
1,6.6,107,0.92
1,6.8,107,0.67
1,6.8,107,0.73
1,6.8,107,0.74
1,6.9,107,0.35
1,6.9,107,0.66
1,6.9,107,0.74
1,6.9,107,0.84
1,6.9,107,0.88
1,6.9,107,0.93
1,6.9,107,1
1,7,107,0.36
1,7,107,0.42
1,7,107,0.76
1,7,107,0.8
1,7,107,0.9
1,7,107,0.9
1,7.1,107,0.85
1,7.2,107,0.57
1,7.2,107,0.88
1,7.2,107,0.94
1,7.2,107,0.96
1,7.3,107,0.74
1,7.4,107,0.4
1,7.6,107,0.95
1,7.8,107,0.9
1,8.3,107,1
1,8.4,107,0.9
1,3.6,108,0.17
1,4.6,108,0.02
1,5.2,108,0.73
1,5.3,108,0.6
1,5.4,108,0.22
1,5.4,108,0.5
1,5.5,108,0.2
1,5.5,108,0.34
1,5.6,108,0.64
1,5.6,108,0.7
1,5.7,108,0.09
1,5.7,108,0.66
1,5.8,108,0.1
1,5.8,108,0.43
1,5.8,108,0.51
1,5.8,108,1
1,5.9,108,0.38
1,5.9,108,0.73
1,5.9,108,0.93
1,6,108,0.41
1,6,108,0.6
1,6.1,108,0.31
1,6.1,108,0.4
1,6.1,108,0.45
1,6.1,108,0.5
1,6.2,108,0.33
1,6.2,108,0.37
1,6.2,108,0.38
1,6.2,108,0.4
1,6.2,108,0.49
1,6.2,108,0.6
1,6.2,108,0.73
1,6.3,108,0.29
1,6.3,108,0.33
1,6.3,108,0.53
1,6.3,108,0.69
1,6.3,108,0.78
1,6.3,108,0.82
1,6.3,108,0.85
1,6.3,108,1
1,6.4,108,0.5
1,6.4,108,0.86
1,6.4,108,0.91
1,6.5,108,0.13
1,6.5,108,0.43
1,6.5,108,0.62
1,6.5,108,0.65
1,6.5,108,0.76
1,6.5,108,0.87
1,6.5,108,0.88
1,6.6,108,0.3
1,6.6,108,0.62
1,6.6,108,0.92
1,6.7,108,0.24
1,6.7,108,0.46
1,6.7,108,0.87
1,6.8,108,0.75
1,6.8,108,0.79
1,6.8,108,0.89
1,6.8,108,1
1,6.9,108,0.37
1,6.9,108,0.54
1,6.9,108,0.72
1,6.9,108,0.83
1,6.9,108,0.9
1,7.1,108,0.86
1,7.1,108,0.87
1,7.1,108,0.93
1,7.1,108,1
1,7.2,108,0.6
1,7.2,108,0.73
1,7.2,108,0.88
1,7.2,108,0.94
1,7.2,108,0.95
1,7.3,108,0.74
1,7.3,108,0.98
1,7.3,108,0.99
1,7.4,108,0.33
1,7.4,108,0.81
1,7.4,108,0.85
1,7.5,108,0.96
1,7.5,108,1
1,7.7,108,0.92
1,7.7,108,0.93
1,7.8,108,0.22
1,7.8,108,0.65
1,7.8,108,0.91
1,7.8,108,1
1,7.9,108,0.7
1,8,108,0.98
1,4.2,109,0.42
1,4.3,109,0.4
1,4.4,109,0.12
1,5.2,109,0.18
1,5.2,109,0.22
1,5.3,109,0.86
1,5.4,109,0.02
1,5.4,109,0.16
1,5.4,109,0.27
1,5.5,109,0.4
1,5.6,109,0.17
1,5.6,109,0.41
1,5.8,109,0.38
1,5.8,109,0.4
1,5.8,109,0.88
1,6,109,0.57
1,6.1,109,0.3
1,6.2,109,0.21
1,6.2,109,0.81
1,6.2,109,1
1,6.3,109,0.69
1,6.3,109,0.74
1,6.3,109,0.8
1,6.3,109,0.85
1,6.4,109,0.28
1,6.4,109,0.63
1,6.4,109,0.72
1,6.4,109,0.89
1,6.5,109,0.49
1,6.5,109,0.78
1,6.6,109,0.41
1,6.6,109,0.57
1,6.6,109,0.72
1,6.6,109,0.77
1,6.6,109,0.95
1,6.7,109,0.63
1,6.7,109,0.82
1,6.7,109,0.88
1,6.7,109,0.91
1,6.8,109,0.38
1,6.8,109,0.64
1,6.8,109,0.9
1,6.9,109,0.63
1,6.9,109,0.83
1,6.9,109,0.91
1,7,109,0.2
1,7,109,0.67
1,7.1,109,0.84
1,7.1,109,1
1,7.2,109,0.85
1,7.2,109,1
1,7.3,109,0.96
1,7.4,109,0.91
1,7.6,109,0.85
1,7.6,109,0.85
1,7.6,109,0.9
1,7.6,109,0.93
1,7.7,109,0.7
1,7.7,109,0.96
1,7.9,109,0.8
1,3.5,110,0.17
1,3.9,110,0.25
1,4.3,110,0.67
1,4.5,110,0.16
1,4.6,110,0.19
1,4.8,110,0.24
1,5,110,0.92
1,5.2,110,0.08
1,5.2,110,0.26
1,5.2,110,0.4
1,5.4,110,0.38
1,5.5,110,0.59
1,5.6,110,0.12
1,5.6,110,0.35
1,5.7,110,0.19
1,5.7,110,0.26
1,5.7,110,0.41
1,5.7,110,0.6
1,5.7,110,0.82
1,5.8,110,0.17
1,5.8,110,0.26
1,5.8,110,0.33
1,5.8,110,0.34
1,5.8,110,0.48
1,5.8,110,0.63
1,5.8,110,0.86
1,5.9,110,0.21
1,5.9,110,0.86
1,6,110,0.25
1,6,110,0.83
1,6.1,110,0.15
1,6.1,110,0.28
1,6.1,110,0.3
1,6.1,110,0.5
1,6.1,110,0.79
1,6.2,110,0.43
1,6.2,110,0.47
1,6.2,110,0.75
1,6.2,110,0.86
1,6.2,110,1
1,6.3,110,0.25
1,6.3,110,0.27
1,6.3,110,0.67
1,6.3,110,0.79
1,6.4,110,0.43
1,6.4,110,0.53
1,6.4,110,0.59
1,6.4,110,0.71
1,6.5,110,0.5
1,6.5,110,0.65
1,6.5,110,0.76
1,6.5,110,0.82
1,6.6,110,0.32
1,6.6,110,0.47
1,6.6,110,0.55
1,6.6,110,0.56
1,6.6,110,0.63
1,6.6,110,0.83
1,6.7,110,0.68
1,6.7,110,0.83
1,6.7,110,0.87
1,6.7,110,1
1,6.8,110,0.48
1,6.8,110,0.59
1,6.8,110,0.64
1,6.8,110,0.7
1,6.8,110,0.79
1,6.8,110,1
1,6.9,110,0.58
1,6.9,110,0.62
1,6.9,110,0.73
1,6.9,110,0.88
1,6.9,110,0.92
1,7,110,0.54
1,7,110,0.67
1,7,110,0.97
1,7,110,1
1,7,110,1
1,7.1,110,0.26
1,7.1,110,0.78
1,7.1,110,0.85
1,7.1,110,0.85
1,7.2,110,0.82
1,7.2,110,0.82
1,7.2,110,0.82
1,7.2,110,0.85
1,7.3,110,0.61
1,7.3,110,0.89
1,7.4,110,0.91
1,7.4,110,0.92
1,7.4,110,0.94
1,7.4,110,0.97
1,7.5,110,0.8
1,7.5,110,0.86
1,7.6,110,0.95
1,7.6,110,0.96
1,7.7,110,0.93
1,7.7,110,1
1,7.9,110,1
1,8.4,110,0.96
1,8.4,110,0.98
1,4.3,111,0.89
1,4.4,111,0.75
1,4.8,111,0.11
1,4.9,111,0.75
1,5,111,0.68
1,5.2,111,0.45
1,5.4,111,0.04
1,5.5,111,0.17
1,5.5,111,0.69
1,5.6,111,0.29
1,5.6,111,0.36
1,5.6,111,0.78
1,5.8,111,0.93
1,5.9,111,0.8
1,6,111,0.38
1,6,111,0.46
1,6.1,111,0.2
1,6.1,111,0.4
1,6.1,111,0.51
1,6.2,111,0.22
1,6.2,111,0.25
1,6.2,111,0.38
1,6.2,111,0.53
1,6.2,111,0.61
1,6.2,111,0.9
1,6.3,111,0.39
1,6.3,111,0.48
1,6.3,111,0.58
1,6.3,111,0.78
1,6.4,111,0.25
1,6.4,111,0.45
1,6.5,111,0.45
1,6.5,111,0.67
1,6.5,111,0.67
1,6.5,111,0.94
1,6.6,111,0.29
1,6.6,111,0.86
1,6.6,111,0.93
1,6.7,111,0.7
1,6.7,111,0.84
1,6.7,111,0.87
1,6.7,111,0.92
1,6.8,111,0.37
1,6.9,111,0.57
1,7,111,0.61
1,7,111,0.82
1,7.1,111,0.87
1,7.1,111,1
1,7.2,111,0.8
1,7.2,111,1
1,7.3,111,0.83
1,7.4,111,0.98
1,7.4,111,1
1,7.5,111,0.72
1,7.5,111,0.9
1,7.5,111,0.9
1,7.5,111,0.93
1,7.5,111,0.95
1,7.6,111,0.58
1,7.6,111,0.96
1,7.6,111,1
1,7.8,111,0.99
1,8,111,0.96
1,8.1,111,0.85
1,8.1,111,1
1,4.8,112,0.64
1,5,112,0.1
1,5.2,112,0.25
1,5.2,112,0.41
1,5.7,112,0.62
1,5.9,112,0.2
1,5.9,112,0.3
1,6,112,0.24
1,6,112,0.46
1,6,112,0.58
1,6,112,0.79
1,6.2,112,0.17
1,6.2,112,0.25
1,6.2,112,0.34
1,6.2,112,0.35
1,6.2,112,0.59
1,6.2,112,0.95
1,6.3,112,0.47
1,6.3,112,0.92
1,6.4,112,0.44
1,6.4,112,0.65
1,6.4,112,0.76
1,6.4,112,0.9
1,6.5,112,0.48
1,6.5,112,0.52
1,6.5,112,0.63
1,6.6,112,0.2
1,6.6,112,0.83
1,6.6,112,0.85
1,6.7,112,0.75
1,6.7,112,0.81
1,6.8,112,0.54
1,6.8,112,0.76
1,6.9,112,0.66
1,6.9,112,0.77
1,6.9,112,0.93
1,6.9,112,0.93
1,7,112,0.4
1,7,112,0.45
1,7,112,0.67
1,7,112,0.81
1,7,112,0.86
1,7.1,112,0.71
1,7.1,112,0.75
1,7.1,112,0.75
1,7.1,112,0.81
1,7.1,112,0.83
1,7.1,112,0.88
1,7.2,112,0.94
1,7.4,112,0.71
1,7.4,112,0.87
1,7.5,112,0.75
1,7.5,112,0.81
1,7.5,112,0.85
1,7.5,112,1
1,7.6,112,0.87
1,7.6,112,0.96
1,7.6,112,0.97
1,7.8,112,0.82
1,7.8,112,0.97
1,7.9,112,0.84
1,7.9,112,0.88
1,7.9,112,0.9
1,8,112,0.95
1,3.4,113,0.05
1,4.7,113,0.13
1,5,113,0.17
1,5.1,113,0.1
1,5.3,113,0.31
1,5.4,113,0.33
1,5.4,113,0.39
1,5.5,113,0.67
1,5.6,113,0.67
1,5.7,113,0.62
1,5.8,113,0.26
1,5.8,113,0.68
1,5.8,113,0.82
1,5.9,113,0.53
1,5.9,113,0.69
1,6,113,1
1,6.2,113,0.23
1,6.2,113,0.63
1,6.3,113,0.44
1,6.4,113,0.75
1,6.5,113,0.57
1,6.5,113,0.67
1,6.5,113,0.89
1,6.6,113,0.8
1,6.7,113,0.52
1,6.7,113,0.9
1,6.8,113,0.83
1,6.9,113,0.3
1,6.9,113,0.72
1,6.9,113,0.79
1,6.9,113,0.94
1,6.9,113,0.96
1,7,113,0.59
1,7,113,0.65
1,7.1,113,0.87
1,7.1,113,0.89
1,7.1,113,0.93
1,7.2,113,0.87
1,7.2,113,0.98
1,7.3,113,0.67
1,7.3,113,0.8
1,7.5,113,0.91
1,7.6,113,0.87
1,7.7,113,0.87
1,7.7,113,0.96
1,7.8,113,0.73
1,7.8,113,0.98
1,7.9,113,0.94
1,8.1,113,0.91
1,8.2,113,1
1,3.3,114,0.43
1,4.5,114,0.46
1,4.9,114,0.19
1,5.1,114,0.5
1,5.3,114,0.08
1,5.3,114,0.59
1,5.3,114,0.87
1,5.5,114,0.33
1,5.6,114,0.51
1,5.6,114,0.55
1,5.8,114,0.47
1,5.8,114,0.67
1,5.9,114,0.35
1,5.9,114,0.41
1,5.9,114,0.61
1,6,114,0.8
1,6.1,114,0.5
1,6.2,114,0.3
1,6.2,114,1
1,6.3,114,0.69
1,6.3,114,0.75
1,6.3,114,0.95
1,6.4,114,0.46
1,6.4,114,0.8
1,6.4,114,0.84
1,6.5,114,0.29
1,6.5,114,0.91
1,6.6,114,0.75
1,6.6,114,0.84
1,6.8,114,0.34
1,6.8,114,0.91
1,6.9,114,0.76
1,6.9,114,0.86
1,7,114,0.83
1,7.1,114,0.82
1,7.2,114,0.66
1,7.2,114,0.89
1,7.3,114,0.32
1,7.3,114,0.89
1,7.3,114,0.9
1,7.3,114,0.95
1,7.3,114,1
1,7.4,114,0.67
1,7.4,114,0.83
1,7.5,114,0.4
1,7.5,114,0.71
1,7.6,114,0.5
1,7.9,114,0.98
1,8.2,114,0.92
1,8.3,114,0.95
1,4.2,115,0.06
1,5.5,115,0.22
1,5.7,115,0.28
1,5.8,115,0.27
1,5.8,115,0.8
1,5.9,115,0.39
1,6.1,115,0.13
1,6.1,115,0.32
1,6.1,115,0.83
1,6.1,115,0.89
1,6.1,115,0.91
1,6.2,115,0.44
1,6.2,115,0.59
1,6.2,115,0.86
1,6.4,115,0.33
1,6.4,115,0.63
1,6.4,115,0.64
1,6.5,115,0.33
1,6.5,115,0.42
1,6.5,115,0.83
1,6.5,115,0.88
1,6.6,115,0.29
1,6.6,115,0.82
1,6.6,115,0.82
1,6.7,115,0.42
1,6.7,115,0.45
1,6.7,115,0.59
1,6.7,115,0.8
1,6.7,115,0.96
1,6.9,115,0.86
1,6.9,115,0.88
1,6.9,115,0.92
1,6.9,115,0.95
1,7,115,0.13
1,7,115,0.72
1,7,115,0.77
1,7,115,0.81
1,7.1,115,0.4
1,7.1,115,0.56
1,7.1,115,0.6
1,7.1,115,0.71
1,7.2,115,0.81
1,7.3,115,0.85
1,7.4,115,0.6
1,7.4,115,0.93
1,7.5,115,0.4
1,7.5,115,0.57
1,7.5,115,0.89
1,7.5,115,0.89
1,7.6,115,0.86
1,8,115,0.97
1,8.4,115,0.95
1,4.5,116,0.14
1,4.7,116,0.13
1,5.1,116,0.27
1,5.4,116,0.71
1,5.5,116,0.65
1,5.5,116,0.8
1,5.7,116,0.36
1,5.8,116,0.29
1,6,116,0.78
1,6,116,1
1,6.2,116,0.62
1,6.2,116,0.68
1,6.2,116,0.88
1,6.3,116,0.75
1,6.3,116,0.87
1,6.5,116,0.55
1,6.7,116,0.83
1,6.8,116,0.33
1,6.8,116,0.4
1,6.8,116,0.45
1,6.8,116,0.68
1,6.8,116,0.78
1,6.8,116,0.78
1,6.8,116,0.94
1,6.9,116,0.66
1,6.9,116,0.92
1,7,116,0.78
1,7,116,0.93
1,7.1,116,0.44
1,7.1,116,0.57
1,7.1,116,0.69
1,7.1,116,0.87
1,7.1,116,0.88
1,7.3,116,0.67
1,7.3,116,0.82
1,7.4,116,0.2
1,7.4,116,0.78
1,7.4,116,0.9
1,7.4,116,0.98
1,7.4,116,1
1,7.4,116,1
1,7.5,116,0.55
1,7.5,116,0.86
1,7.5,116,0.94
1,7.5,116,1
1,7.6,116,0.6
1,7.6,116,0.89
1,7.6,116,0.92
1,7.7,116,0.9
1,8.5,116,0.96
1,5.2,117,0.42
1,5.3,117,0.19
1,5.6,117,0.13
1,5.6,117,0.19
1,5.7,117,0.5
1,5.9,117,0.38
1,6,117,0.49
1,6,117,0.53
1,6.1,117,0.38
1,6.1,117,0.58
1,6.1,117,0.78
1,6.2,117,0.68
1,6.3,117,0.22
1,6.3,117,0.28
1,6.3,117,0.39
1,6.3,117,0.73
1,6.4,117,0.69
1,6.4,117,0.75
1,6.5,117,0.19
1,6.5,117,0.58
1,6.6,117,0.69
1,6.7,117,0.46
1,6.7,117,0.57
1,6.7,117,0.89
1,6.8,117,0.14
1,6.8,117,0.64
1,6.8,117,0.69
1,6.8,117,0.8
1,6.8,117,0.83
1,6.8,117,0.85
1,6.9,117,0.72
1,6.9,117,0.81
1,6.9,117,0.97
1,7,117,0.78
1,7.1,117,0.65
1,7.1,117,0.75
1,7.1,117,0.79
1,7.3,117,0.83
1,7.3,117,0.97
1,7.5,117,0.62
1,7.5,117,1
1,7.6,117,0.88
1,7.7,117,0.81
1,7.7,117,0.82
1,7.8,117,1
1,8,117,0.67
1,8,117,0.93
1,8,117,0.96
1,8.2,117,0.95
1,8.2,117,0.98
1,8.4,117,0.97
1,4.1,118,0.22
1,4.4,118,0.06
1,4.9,118,0.5
1,4.9,118,0.56
1,5,118,0.47
1,5.3,118,0.47
1,5.7,118,0.43
1,5.8,118,0.24
1,5.8,118,0.64
1,5.9,118,0.38
1,5.9,118,0.44
1,6.1,118,0.44
1,6.3,118,0.16
1,6.4,118,0.32
1,6.4,118,0.43
1,6.4,118,0.5
1,6.5,118,0.33
1,6.5,118,0.43
1,6.5,118,0.56
1,6.5,118,0.74
1,6.5,118,1
1,6.6,118,0.07
1,6.6,118,0.59
1,6.6,118,0.6
1,6.6,118,0.68
1,6.7,118,0.86
1,6.8,118,0.64
1,6.8,118,0.86
1,6.9,118,0.47
1,6.9,118,0.57
1,6.9,118,0.71
1,6.9,118,0.81
1,6.9,118,0.84
1,7,118,0.77
1,7,118,0.84
1,7,118,0.9
1,7,118,0.92
1,7,118,0.95
1,7.1,118,0.88
1,7.2,118,0.8
1,7.2,118,0.81
1,7.2,118,0.88
1,7.2,118,0.92
1,7.3,118,0.47
1,7.3,118,0.65
1,7.3,118,0.76
1,7.3,118,0.81
1,7.3,118,0.84
1,7.3,118,0.97
1,7.4,118,0.68
1,7.4,118,0.8
1,7.4,118,0.96
1,7.5,118,0.94
1,7.5,118,0.99
1,7.5,118,1
1,7.6,118,0.71
1,7.6,118,0.85
1,7.6,118,0.94
1,7.6,118,1
1,7.8,118,0.9
1,7.9,118,0.57
1,7.9,118,0.82
1,8,118,0.95
1,8,118,0.98
1,8.1,118,0.93
1,8.2,118,0.95
1,8.5,118,0.93
1,4.3,119,0.17
1,4.6,119,0.2
1,5.1,119,0.5
1,5.5,119,0.62
1,5.6,119,0.6
1,5.8,119,0.38
1,5.8,119,0.42
1,5.8,119,0.44
1,5.9,119,0.68
1,6.1,119,0.4
1,6.1,119,0.44
1,6.2,119,0.51
1,6.2,119,0.62
1,6.2,119,0.75
1,6.3,119,0.12
1,6.3,119,0.2
1,6.3,119,0.75
1,6.4,119,0.36
1,6.5,119,0.49
1,6.5,119,0.57
1,6.6,119,0.24
1,6.6,119,0.33
1,6.6,119,0.4
1,6.6,119,0.79
1,6.7,119,0.45
1,6.7,119,0.64
1,6.9,119,0.43
1,6.9,119,0.83
1,7.1,119,0.57
1,7.1,119,0.67
1,7.1,119,0.92
1,7.1,119,0.94
1,7.1,119,0.95
1,7.2,119,0.81
1,7.2,119,0.87
1,7.3,119,0.88
1,7.4,119,0.84
1,7.4,119,0.86
1,7.4,119,1
1,7.5,119,0.89
1,7.6,119,1
1,7.7,119,0.93
1,7.7,119,1
1,7.8,119,0.91
1,7.8,119,1
1,8.2,119,0.8
1,3.8,120,0.5
1,4.6,120,0.11
1,5.3,120,0.31
1,5.5,120,0.21
1,5.5,120,0.75
1,5.7,120,0.4
1,5.7,120,0.64
1,5.8,120,0.17
1,5.9,120,0.2
1,5.9,120,0.32
1,5.9,120,0.4
1,6,120,0.8
1,6.1,120,0.76
1,6.2,120,0.23
1,6.2,120,0.45
1,6.2,120,0.53
1,6.2,120,0.91
1,6.2,120,0.95
1,6.3,120,0.12
1,6.4,120,0.16
1,6.5,120,0.31
1,6.5,120,0.41
1,6.5,120,0.55
1,6.5,120,0.55
1,6.5,120,0.9
1,6.6,120,0.38
1,6.8,120,0.54
1,6.8,120,0.65
1,6.8,120,0.79
1,7,120,0.37
1,7,120,0.79
1,7,120,0.9
1,7,120,0.92
1,7.1,120,0.4
1,7.1,120,0.6
1,7.1,120,0.93
1,7.1,120,0.97
1,7.1,120,1
1,7.2,120,0.66
1,7.2,120,0.9
1,7.3,120,0.69
1,7.3,120,0.72
1,7.3,120,0.8
1,7.3,120,0.85
1,7.3,120,0.87
1,7.3,120,1
1,7.4,120,0.63
1,7.4,120,1
1,7.4,120,1
1,7.5,120,0.98
1,7.6,120,0.5
1,7.6,120,0.76
1,7.6,120,0.87
1,7.7,120,0.96
1,7.8,120,0.98
1,7.9,120,0.91
1,7.9,120,0.93
1,8,120,0.97
1,4.9,121,0.58
1,5.6,121,0.56
1,5.9,121,0.53
1,6,121,0.58
1,6.2,121,0.56
1,6.2,121,0.74
1,6.3,121,0.62
1,6.4,121,0.39
1,6.4,121,0.48
1,6.4,121,0.53
1,6.4,121,0.86
1,6.5,121,1
1,6.6,121,0.17
1,6.6,121,0.64
1,6.9,121,0.61
1,7,121,0.31
1,7,121,0.39
1,7,121,0.79
1,7,121,0.83
1,7,121,0.92
1,7,121,0.96
1,7.1,121,0.77
1,7.1,121,0.97
1,7.2,121,0.91
1,7.3,121,0.69
1,7.3,121,0.93
1,7.4,121,0.9
1,7.6,121,0.91
1,8,121,0.91
1,8,121,0.99
1,8.1,121,1
1,8.2,121,0.95
1,8.6,121,0.92
1,4.6,122,0.56
1,5.3,122,0.34
1,5.3,122,0.5
1,5.8,122,0.18
1,5.9,122,0.25
1,5.9,122,0.38
1,5.9,122,0.56
1,6,122,0.48
1,6,122,0.68
1,6,122,0.84
1,6.1,122,0.31
1,6.1,122,0.47
1,6.1,122,0.78
1,6.2,122,0.4
1,6.2,122,0.6
1,6.6,122,0.6
1,6.7,122,0.45
1,6.8,122,0.83
1,6.8,122,0.87
1,6.8,122,0.89
1,6.8,122,0.99
1,6.9,122,0.54
1,6.9,122,0.84
1,7,122,0.87
1,7.1,122,0.83
1,7.1,122,0.85
1,7.2,122,0.85
1,7.3,122,0.67
1,7.3,122,1
1,7.4,122,0.91
1,7.5,122,0.95
1,7.6,122,0.88
1,7.7,122,0.91
1,7.7,122,0.92
1,7.9,122,0.84
1,8.2,122,0.98
1,4.1,123,0.47
1,4.4,123,0.02
1,4.4,123,0.17
1,5.4,123,0.16
1,5.4,123,0.3
1,5.6,123,0.75
1,6,123,0.69
1,6.1,123,0.54
1,6.1,123,0.72
1,6.2,123,0.53
1,6.3,123,0.31
1,6.4,123,0.29
1,6.5,123,0.43
1,6.5,123,0.64
1,6.6,123,0.71
1,6.6,123,1
1,6.8,123,0.36
1,6.9,123,0.59
1,6.9,123,0.78
1,6.9,123,0.83
1,7,123,0.64
1,7,123,0.77
1,7,123,0.9
1,7.1,123,0.96
1,7.2,123,0.63
1,7.2,123,0.89
1,7.2,123,0.94
1,7.4,123,0.8
1,7.4,123,0.86
1,7.5,123,0.7
1,7.6,123,0.76
1,7.7,123,0.79
1,7.8,123,0.68
1,8.1,123,0.93
1,8.4,123,0.83
1,5.2,124,0.22
1,5.4,124,0.76
1,5.9,124,0.39
1,5.9,124,0.56
1,6.3,124,0.37
1,6.4,124,0.45
1,6.5,124,0.36
1,6.5,124,0.76
1,6.6,124,0.63
1,6.6,124,0.69
1,6.7,124,0.84
1,6.7,124,0.86
1,6.8,124,0.73
1,6.9,124,0.8
1,7,124,0.73
1,7,124,0.94
1,7.4,124,0.81
1,7.4,124,0.82
1,7.4,124,0.93
1,7.5,124,0.69
1,7.5,124,0.74
1,7.6,124,0.55
1,7.6,124,0.89
1,7.8,124,0.91
1,7.8,124,0.96
1,8,124,0.77
1,8,124,0.9
1,8.7,124,0.94
1,4.9,125,0.75
1,5.5,125,0.39
1,5.6,125,0.73
1,5.7,125,0.18
1,5.9,125,0.4
1,6,125,0.75
1,6.4,125,0.72
1,6.4,125,0.92
1,6.6,125,0.48
1,6.8,125,0.51
1,6.8,125,0.74
1,6.9,125,0.43
1,6.9,125,0.77
1,6.9,125,0.89
1,7,125,0.2
1,7,125,0.61
1,7,125,0.62
1,7,125,0.79
1,7,125,0.88
1,7,125,0.89
1,7,125,0.9
1,7.2,125,0.75
1,7.5,125,0.79
1,7.6,125,0.89
1,7.8,125,0.94
1,7.9,125,0.82
1,7.9,125,0.92
1,7.9,125,0.96
1,5.1,126,0.33
1,5.3,126,0.22
1,5.4,126,0.2
1,5.8,126,0.83
1,6.3,126,0.33
1,6.3,126,0.83
1,6.4,126,0.5
1,6.4,126,0.78
1,6.6,126,0.71
1,6.6,126,0.71
1,6.8,126,0.78
1,7.3,126,0.5
1,7.4,126,0.67
1,7.5,126,0.74
1,7.5,126,0.93
1,8,126,0.95
1,8.3,126,0.97
1,5.3,127,0.27
1,5.3,127,0.34
1,5.6,127,0.29
1,5.7,127,0.82
1,5.8,127,0.82
1,6.2,127,0.55
1,6.2,127,0.64
1,6.3,127,0.29
1,6.5,127,0.47
1,6.6,127,0.59
1,6.7,127,0.57
1,6.8,127,0.83
1,6.9,127,0.4
1,6.9,127,0.48
1,7.1,127,0.92
1,7.2,127,0.53
1,7.2,127,0.67
1,7.3,127,0.89
1,7.4,127,0.17
1,7.4,127,0.7
1,7.4,127,0.75
1,7.4,127,0.81
1,7.6,127,0.96
1,8.2,127,0.88
1,5.2,128,0.17
1,5.4,128,0.21
1,5.5,128,0.33
1,5.5,128,0.71
1,5.6,128,0.1
1,6.1,128,0.36
1,6.4,128,0.52
1,6.5,128,0.86
1,6.8,128,0.5
1,6.8,128,0.75
1,6.9,128,0.81
1,6.9,128,0.92
1,7.2,128,0.57
1,7.2,128,0.84
1,7.3,128,0.76
1,7.4,128,0.71
1,7.4,128,0.96
1,7.6,128,0.77
1,7.6,128,0.83
1,7.6,128,0.91
1,7.8,128,0.83
1,8,128,0.63
1,8,128,0.95
1,4.6,129,0.62
1,5.2,129,0.25
1,5.4,129,0.51
1,5.4,129,0.6
1,5.7,129,0.43
1,5.7,129,0.64
1,5.9,129,0.22
1,5.9,129,0.67
1,6,129,0.8
1,6.3,129,0.2
1,6.4,129,0.41
1,6.5,129,0.3
1,6.5,129,0.96
1,6.8,129,0.35
1,7,129,0.72
1,7.2,129,0.69
1,7.3,129,0.81
1,7.4,129,0.84
1,7.7,129,0.5
1,7.8,129,0.97
1,3.9,130,0.3
1,4.5,130,0.63
1,4.7,130,0.2
1,4.9,130,0.08
1,5.1,130,0.27
1,5.3,130,0.73
1,5.8,130,0.22
1,6.1,130,0.96
1,6.3,130,0.36
1,6.3,130,0.71
1,6.3,130,0.91
1,6.4,130,0.8
1,6.4,130,0.94
1,6.5,130,0.55
1,6.5,130,0.85
1,6.6,130,0.46
1,6.6,130,0.78
1,6.7,130,0.11
1,6.7,130,0.5
1,6.7,130,0.79
1,7,130,0.4
1,7,130,0.79
1,7.1,130,0.84
1,7.2,130,0.78
1,7.2,130,0.79
1,7.4,130,0.97
1,7.6,130,0.91
1,7.6,130,1
1,7.9,130,0.93
1,8.2,130,0.94
1,8.3,130,0.89
1,8.6,130,0.94
1,5.4,131,0.15
1,6.6,131,0.86
1,6.8,131,0.81
1,7.2,131,0.93
1,7.3,131,0.33
1,7.4,131,0.5
1,8.3,131,0.82
1,6.3,132,0.67
1,6.4,132,0.42
1,6.4,132,0.6
1,6.4,132,1
1,6.5,132,0.33
1,6.5,132,0.41
1,6.6,132,0.52
1,6.7,132,0.44
1,6.9,132,0.57
1,6.9,132,0.61
1,7,132,0.67
1,7.1,132,0.91
1,7.1,132,0.91
1,7.3,132,1
1,7.4,132,0.78
1,7.5,132,0.76
1,7.7,132,1
1,7.8,132,0.78
1,8.6,132,0.99
1,5.2,133,0.3
1,6.1,133,0.32
1,6.1,133,0.57
1,6.2,133,0.4
1,6.7,133,0.43
1,6.7,133,0.65
1,6.9,133,0.78
1,7,133,0.45
1,7.1,133,0.84
1,7.2,133,0.52
1,7.3,133,0.91
1,7.4,133,0.51
1,7.5,133,1
1,7.6,133,0.58
1,7.7,133,0.86
1,7.7,133,0.88
1,7.8,133,0.84
1,5.8,134,0.95
1,5.8,134,1
1,6.2,134,0.83
1,6.6,134,0.5
1,6.8,134,0.51
1,6.8,134,0.56
1,7,134,0.83
1,7.2,134,0.5
1,7.2,134,0.72
1,7.3,134,0.97
1,7.4,134,0.86
1,7.4,134,0.97
1,7.6,134,0.91
1,2.5,135,0.11
1,4.3,135,0.25
1,5.2,135,0.38
1,5.5,135,0.4
1,5.7,135,0.47
1,6.6,135,0.7
1,6.9,135,0.7
1,7,135,0.8
1,7.1,135,0.78
1,7.1,135,0.8
1,7.2,135,0.8
1,7.2,135,0.83
1,7.4,135,0.86
1,7.4,135,1
1,7.5,135,0.81
1,4,136,0.21
1,5.4,136,0.5
1,6.5,136,0.53
1,6.6,136,0.45
1,6.7,136,0.55
1,6.7,136,0.82
1,7,136,0.99
1,7.1,136,0.5
1,7.2,136,0.8
1,7.2,136,0.89
1,7.3,136,0.86
1,7.3,136,1
1,7.3,136,1
1,7.3,136,1
1,7.6,136,0.85
1,7.7,136,0.9
1,7.9,136,0.63
1,7.9,136,0.88
1,8.1,136,1
1,8.7,136,0.87
1,6.2,137,0.6
1,6.5,137,0.7
1,6.6,137,0.33
1,6.7,137,0.4
1,6.8,137,0.82
1,6.8,137,1
1,6.9,137,0.83
1,7.1,137,0.72
1,7.4,137,0.98
1,7.5,137,0.85
1,7.7,137,0.91
1,7.8,137,0.91
1,7.8,137,0.96
1,7.8,137,0.96
1,8,137,0.84
1,8,137,0.95
1,8,137,0.96
1,5.3,138,0.19
1,6.1,138,0.72
1,6.3,138,1
1,6.5,138,1
1,6.8,138,0.6
1,7.1,138,0.4
1,7.2,138,0.73
1,7.2,138,0.85
1,7.5,138,0.82
1,7.7,138,1
1,7.8,138,1
1,7.9,138,0.88
1,7.9,138,0.93
1,6,139,0.29
1,6.1,139,0.8
1,6.2,139,0.8
1,6.4,139,0.85
1,6.5,139,0.58
1,6.7,139,0.83
1,6.9,139,0.33
1,7.1,139,0.69
1,7.1,139,0.7
1,7.3,139,0.5
1,7.3,139,0.63
1,7.3,139,0.67
1,7.3,139,0.67
1,7.3,139,0.82
1,7.3,139,0.83
1,7.5,139,0.92
1,7.6,139,0.96
1,7.7,139,0.85
1,7.8,139,0.66
1,7.8,139,1
1,7.9,139,0.93
1,4.9,140,0.57
1,5.6,140,0.14
1,5.7,140,0.55
1,5.8,140,0.25
1,6.5,140,0.57
1,6.9,140,0.82
1,6.9,140,0.94
1,7,140,0.41
1,7,140,0.68
1,7.2,140,0.57
1,7.2,140,0.7
1,7.2,140,0.8
1,7.2,140,1
1,7.4,140,0.82
1,7.9,140,1
1,8.2,140,0.84
1,5.3,141,0.43
1,6,141,0.47
1,6.1,141,0.4
1,6.5,141,0.14
1,6.6,141,0.87
1,6.7,141,0.8
1,6.8,141,0.8
1,7,141,0.57
1,7.3,141,0.75
1,7.6,141,0.95
1,7.8,141,1
1,8.1,141,0.93
1,5.2,142,0.17
1,6.5,142,0.65
1,6.7,142,0.52
1,6.7,142,0.8
1,7.2,142,0.92
1,7.4,142,0.88
1,7.7,142,0.92
1,5.3,143,0.1
1,6.8,143,0.67
1,6.8,143,0.8
1,6.9,143,0.76
1,7.3,143,0.83
1,7.4,143,0.69
1,7.4,143,0.98
1,7.5,143,0.72
1,7.6,143,0.91
1,8,143,0.79
1,8,143,0.92
1,6.2,144,0.45
1,6.9,144,0.67
1,7.2,144,0.81
1,7.7,144,1
1,3.8,145,0.36
1,4.7,145,0.3
1,4.9,145,0.88
1,6.6,145,0.21
1,7.4,145,0.94
1,7.6,145,0.9
1,7.7,145,0.75
1,8.1,145,0.95
1,4.5,146,0.16
1,6.3,146,0.77
1,7.2,146,0.74
1,7.6,146,0.41
1,8.2,146,0.86
1,8.5,146,1
1,8.7,146,0.96
1,4.1,147,0.13
1,6.3,147,0.4
1,6.6,147,0.23
1,7.3,147,0.54
1,7.7,147,0.97
1,7.8,147,0.91
1,4.5,148,0.63
1,7.1,148,0.33
1,7.1,148,0.41
1,7.1,148,0.83
1,7.5,148,0.95
1,7.8,148,0.91
1,8.8,148,0.87
1,5.3,149,0.31
1,5.6,149,0.2
1,6.2,149,0.24
1,6.9,149,0.44
1,8.5,149,0.84
1,5,150,0.44
1,5.3,150,0.29
1,6.3,150,0.6
1,6.5,150,0.66
1,6.6,150,0.83
1,7,150,0.83
1,7.4,150,0.92
1,7.5,150,0.88
1,7.8,150,1
1,7.9,150,0.9
1,8.3,150,1
1,8.5,150,0.95
1,3.1,151,0.43
1,6.4,151,1
1,7,151,0.67
1,7.3,151,0.53
1,7.6,151,0.69
1,8.1,151,0.86
1,8.1,151,1
1,6.2,152,0.63
1,6.5,152,0.92
1,6.8,152,0.65
1,7,152,0.9
1,9,152,0.94
1,5.6,153,0.5
1,5.9,153,0.29
1,6.2,153,0.17
1,6.2,153,0.64
1,7.9,153,0.93
1,8.1,153,0.76
1,8.2,153,0.94
1,8.3,153,0.89
1,8.5,153,0.95
1,5.7,154,0.5
1,6.2,154,0.35
1,6.5,154,0.32
1,6.5,154,0.66
1,6.8,154,0.71
1,7.6,154,0.63
1,7.7,154,0.66
1,8.1,154,0.92
1,5.7,155,0.38
1,6.3,155,0.5
1,7.2,155,0.43
1,7.8,155,0.5
1,8.1,155,0.91
1,5.6,156,0.43
1,7,156,0.8
1,7.5,156,0.99
1,8.2,156,0.67
1,8.2,156,0.9
1,5.3,157,0.29
1,5.2,158,0.21
1,5.8,158,0.39
1,5.8,158,0.5
1,6.2,158,0.83
1,7.8,158,0.85
1,8.1,158,0.78
1,8.2,158,0.91
1,5.9,159,0.92
1,7.3,159,0.2
1,8.1,159,0.88
1,2,160,0.09
1,8.1,160,0.86
1,6,161,0.73
1,6.5,161,0.9
1,8.4,161,0.88
1,8.8,161,0.97
1,6.7,162,0.4
1,6.7,162,0.76
1,6.9,162,0.52
1,7.2,162,0.77
1,7.2,162,0.8
1,5.9,163,0.75
1,6.9,163,0.55
1,7,163,0.79
1,7.1,163,0.13
1,7.4,163,0.86
1,7.8,163,0.97
1,4.5,164,0.45
1,5.5,164,0.31
1,6.2,164,0.57
1,6.6,164,0.27
1,7,164,0.58
1,5.5,165,0.5
1,6.3,165,0.61
1,7.2,165,0.61
1,8.4,165,0.87
1,8.4,165,0.91
1,8.5,165,0.95
1,3.6,166,0.38
1,7.7,166,0.83
1,7.8,166,0.71
1,7.9,166,1
1,7.2,167,0.78
1,8.2,167,0.89
1,7.2,168,1
1,7.7,168,0.84
1,7.8,168,0.75
1,6.7,169,0.7
1,7.1,169,0.44
1,5.7,170,0.55
1,6.2,170,0.83
1,6.8,170,0.64
1,7,170,0.83
1,8.4,170,1
1,7.3,171,0.8
1,8,172,0.83
1,7.1,173,0.25
1,7.7,173,1
1,8.3,174,1
1,6.9,175,0.71
1,7.4,175,0.64
1,6.3,177,0.56
1,8.5,177,1
1,5.9,180,0.21
1,7.7,180,0.37
1,7.7,180,0.89
1,8,181,0.83
1,8.4,181,0.93
1,7.2,183,0.67
1,7.2,185,0.6
1,8,186,0.7
1,8,188,0.83
1,8.6,189,0.78
1,7.7,192,0.9
1,7.8,192,0.92
1,6.1,193,0.58
1,6.4,195,0.93
1,7.3,195,0.9
1,7.4,197,0.97
1,5.4,204,0.86
1,8.2,204,0.9
1,7.9,209,0.96
1,7.4,210,1
1,8.2,210,0.83
1,7.6,213,0.75
1,7,220,0.96
1,8.1,224,0.95
1,6.1,232,0.29
1,8.6,239,1
1,6.6,260,0.41
1,6.8,265,0.98
1,5.9,270,0.1
